yearID,teamID,W,L,R,RA,HR,SO,ERA,E,attendance,run_diff,win_pct
2000,ANA,82,80,864.0,869.0,236.0,1024.0,5.0,134.0,2066982.0,-5.0,0.5061728395061729
2000,ARI,85,77,792.0,754.0,179.0,975.0,4.35,107.0,2942251.0,38.0,0.5246913580246914
2000,ATL,95,67,810.0,714.0,179.0,1010.0,4.05,129.0,3234304.0,96.0,0.5864197530864198
2000,BAL,74,88,794.0,913.0,184.0,900.0,5.37,116.0,3297031.0,-119.0,0.4567901234567901
2000,BOS,85,77,792.0,745.0,167.0,1019.0,4.23,109.0,2585895.0,47.0,0.5246913580246914
2000,CHA,95,67,978.0,839.0,216.0,960.0,4.66,133.0,1947799.0,139.0,0.5864197530864198
2000,CHN,65,97,764.0,904.0,183.0,1120.0,5.25,100.0,2789511.0,-140.0,0.4012345679012346
2000,CIN,85,77,825.0,765.0,200.0,995.0,4.33,111.0,2577371.0,60.0,0.5246913580246914
2000,CLE,90,72,950.0,816.0,221.0,1057.0,4.84,72.0,3456278.0,134.0,0.5555555555555556
2000,COL,82,80,968.0,897.0,161.0,907.0,5.26,94.0,3295129.0,71.0,0.5061728395061729
2000,DET,79,83,823.0,827.0,177.0,982.0,4.71,105.0,2438617.0,-4.0,0.4876543209876543
2000,FLO,79,82,731.0,797.0,160.0,1184.0,4.59,125.0,1218326.0,-66.0,0.4906832298136646
2000,HOU,72,90,938.0,944.0,249.0,1129.0,5.42,133.0,3056139.0,-6.0,0.4444444444444444
2000,KCA,77,85,879.0,930.0,150.0,840.0,5.48,102.0,1564847.0,-51.0,0.47530864197530864
2000,LAN,86,76,798.0,729.0,211.0,1083.0,4.1,135.0,2880242.0,69.0,0.5308641975308642
2000,MIL,73,89,740.0,826.0,177.0,1245.0,4.63,118.0,1573621.0,-86.0,0.4506172839506173
2000,MIN,69,93,748.0,880.0,116.0,1021.0,5.14,102.0,1000760.0,-132.0,0.42592592592592593
2000,MON,67,95,738.0,902.0,178.0,1048.0,5.13,132.0,926272.0,-164.0,0.41358024691358025
2000,NYA,87,74,871.0,814.0,205.0,1007.0,4.76,109.0,3055435.0,57.0,0.5403726708074534
2000,NYN,94,68,807.0,738.0,198.0,1037.0,4.16,118.0,2820530.0,69.0,0.5802469135802469
2000,OAK,91,70,947.0,813.0,239.0,1159.0,4.58,134.0,1603744.0,134.0,0.5652173913043478
2000,PHI,65,97,708.0,830.0,144.0,1117.0,4.77,100.0,1612769.0,-122.0,0.4012345679012346
2000,PIT,69,93,793.0,888.0,168.0,1032.0,4.94,132.0,1748908.0,-95.0,0.42592592592592593
2000,SDN,76,86,752.0,815.0,157.0,1177.0,4.52,141.0,2352443.0,-63.0,0.4691358024691358
2000,SEA,91,71,907.0,780.0,198.0,1073.0,4.49,99.0,2914624.0,127.0,0.5617283950617284
2000,SFN,97,65,925.0,747.0,226.0,1032.0,4.21,93.0,3318800.0,178.0,0.5987654320987654
2000,SLN,95,67,887.0,771.0,235.0,1253.0,4.38,111.0,3336493.0,116.0,0.5864197530864198
2000,TBA,69,92,733.0,842.0,162.0,1022.0,4.86,118.0,1449673.0,-109.0,0.42857142857142855
2000,TEX,71,91,848.0,974.0,173.0,922.0,5.52,135.0,2588401.0,-126.0,0.4382716049382716
2000,TOR,83,79,861.0,908.0,244.0,1026.0,5.14,100.0,1705712.0,-47.0,0.5123456790123457
2001,ANA,75,87,691.0,730.0,158.0,1001.0,4.2,103.0,2000919.0,-39.0,0.46296296296296297
2001,ARI,92,70,818.0,677.0,208.0,1052.0,3.87,84.0,2736451.0,141.0,0.5679012345679012
2001,ATL,88,74,729.0,643.0,174.0,1039.0,3.59,103.0,2823530.0,86.0,0.5432098765432098
2001,BAL,63,98,687.0,829.0,136.0,989.0,4.67,125.0,3094841.0,-142.0,0.391304347826087
2001,BOS,82,79,772.0,745.0,198.0,1131.0,4.15,113.0,2625333.0,27.0,0.5093167701863354
2001,CHA,83,79,798.0,795.0,214.0,998.0,4.55,118.0,1766172.0,3.0,0.5123456790123457
2001,CHN,88,74,777.0,701.0,194.0,1077.0,4.03,109.0,2779465.0,76.0,0.5432098765432098
2001,CIN,66,96,735.0,850.0,176.0,1172.0,4.77,138.0,1879757.0,-115.0,0.4074074074074074
2001,CLE,91,71,897.0,821.0,212.0,1076.0,4.64,107.0,3175523.0,76.0,0.5617283950617284
2001,COL,73,89,923.0,906.0,213.0,1027.0,5.29,96.0,3166821.0,17.0,0.4506172839506173
2001,DET,66,96,724.0,876.0,139.0,972.0,5.01,131.0,1921305.0,-152.0,0.4074074074074074
2001,FLO,76,86,742.0,744.0,166.0,1145.0,4.32,103.0,1261226.0,-2.0,0.4691358024691358
2001,HOU,93,69,847.0,769.0,208.0,1119.0,4.37,110.0,2904277.0,78.0,0.5740740740740741
2001,KCA,65,97,729.0,858.0,152.0,898.0,4.87,117.0,1536371.0,-129.0,0.4012345679012346
2001,LAN,86,76,758.0,744.0,206.0,1062.0,4.25,116.0,3017143.0,14.0,0.5308641975308642
2001,MIL,68,94,740.0,806.0,209.0,1399.0,4.64,103.0,2811041.0,-66.0,0.41975308641975306
2001,MIN,85,77,771.0,766.0,164.0,1083.0,4.51,108.0,1782929.0,5.0,0.5246913580246914
2001,MON,68,94,670.0,812.0,131.0,1071.0,4.68,108.0,642745.0,-142.0,0.41975308641975306
2001,NYA,95,65,804.0,713.0,203.0,1035.0,4.02,109.0,3264907.0,91.0,0.59375
2001,NYN,82,80,642.0,713.0,147.0,1062.0,4.07,101.0,2658330.0,-71.0,0.5061728395061729
2001,OAK,102,60,884.0,645.0,199.0,1021.0,3.59,125.0,2133277.0,239.0,0.6296296296296297
2001,PHI,86,76,746.0,719.0,164.0,1125.0,4.15,91.0,1782054.0,27.0,0.5308641975308642
2001,PIT,62,100,657.0,858.0,161.0,1106.0,5.05,133.0,2464870.0,-201.0,0.38271604938271603
2001,SDN,79,83,789.0,812.0,161.0,1273.0,4.52,145.0,2378128.0,-23.0,0.4876543209876543
2001,SEA,116,46,927.0,627.0,169.0,989.0,3.54,83.0,3507326.0,300.0,0.7160493827160493
2001,SFN,90,72,799.0,748.0,235.0,1090.0,4.18,118.0,3311958.0,51.0,0.5555555555555556
2001,SLN,93,69,814.0,684.0,199.0,1089.0,3.93,110.0,3109578.0,130.0,0.5740740740740741
2001,TBA,62,100,672.0,887.0,121.0,1116.0,4.94,139.0,1298365.0,-215.0,0.38271604938271603
2001,TEX,73,89,890.0,968.0,246.0,1093.0,5.71,114.0,2831021.0,-78.0,0.4506172839506173
2001,TOR,80,82,767.0,753.0,195.0,1094.0,4.28,97.0,1915438.0,14.0,0.49382716049382713
2002,ANA,99,63,851.0,644.0,152.0,805.0,3.69,87.0,2305547.0,207.0,0.6111111111111112
2002,ARI,98,64,819.0,674.0,165.0,1016.0,3.92,89.0,3198977.0,145.0,0.6049382716049383
2002,ATL,101,59,708.0,565.0,164.0,1028.0,3.13,114.0,2603484.0,143.0,0.63125
2002,BAL,67,95,667.0,773.0,165.0,993.0,4.46,91.0,2682439.0,-106.0,0.41358024691358025
2002,BOS,93,69,859.0,665.0,177.0,944.0,3.75,104.0,2650862.0,194.0,0.5740740740740741
2002,CHA,81,81,856.0,798.0,217.0,952.0,4.53,97.0,1676911.0,58.0,0.5
2002,CHN,67,95,706.0,759.0,200.0,1269.0,4.29,114.0,2693096.0,-53.0,0.41358024691358025
2002,CIN,78,84,709.0,774.0,169.0,1188.0,4.27,120.0,1855787.0,-65.0,0.48148148148148145
2002,CLE,74,88,739.0,837.0,192.0,1000.0,4.91,113.0,2616940.0,-98.0,0.4567901234567901
2002,COL,73,89,778.0,898.0,152.0,1043.0,5.2,112.0,2737838.0,-120.0,0.4506172839506173
2002,DET,55,106,575.0,864.0,124.0,1035.0,4.92,142.0,1503623.0,-289.0,0.3416149068322981
2002,FLO,79,83,699.0,763.0,146.0,1130.0,4.36,106.0,813118.0,-64.0,0.4876543209876543
2002,HOU,84,78,749.0,695.0,167.0,1120.0,4.0,83.0,2517357.0,54.0,0.5185185185185185
2002,KCA,62,100,737.0,891.0,140.0,921.0,5.21,130.0,1323036.0,-154.0,0.38271604938271603
2002,LAN,92,70,713.0,643.0,155.0,940.0,3.69,90.0,3131255.0,70.0,0.5679012345679012
2002,MIL,56,106,627.0,821.0,139.0,1125.0,4.73,103.0,1969153.0,-194.0,0.345679012345679
2002,MIN,94,67,768.0,712.0,167.0,1089.0,4.12,74.0,1924473.0,56.0,0.5838509316770186
2002,MON,83,79,735.0,718.0,162.0,1104.0,3.97,139.0,812045.0,17.0,0.5123456790123457
2002,NYA,103,58,897.0,697.0,223.0,1171.0,3.87,127.0,3465807.0,200.0,0.639751552795031
2002,NYN,75,86,690.0,703.0,160.0,1044.0,3.89,144.0,2804838.0,-13.0,0.4658385093167702
2002,OAK,103,59,800.0,654.0,205.0,1008.0,3.68,102.0,2169811.0,146.0,0.6358024691358025
2002,PHI,80,81,710.0,724.0,165.0,1095.0,4.17,88.0,1618467.0,-14.0,0.4968944099378882
2002,PIT,72,89,641.0,730.0,142.0,1109.0,4.23,115.0,1784988.0,-89.0,0.4472049689440994
2002,SDN,66,96,662.0,815.0,136.0,1062.0,4.62,128.0,2220601.0,-153.0,0.4074074074074074
2002,SEA,93,69,814.0,699.0,152.0,1003.0,4.07,88.0,3542938.0,115.0,0.5740740740740741
2002,SFN,95,66,783.0,616.0,198.0,961.0,3.54,90.0,3253203.0,167.0,0.5900621118012422
2002,SLN,97,65,787.0,648.0,175.0,927.0,3.7,103.0,3011756.0,139.0,0.5987654320987654
2002,TBA,55,106,673.0,918.0,133.0,1115.0,5.29,126.0,1065742.0,-245.0,0.3416149068322981
2002,TEX,72,90,843.0,882.0,230.0,1055.0,5.15,99.0,2352397.0,-39.0,0.4444444444444444
2002,TOR,78,84,813.0,828.0,187.0,1142.0,4.8,107.0,1637900.0,-15.0,0.48148148148148145
2003,ANA,77,85,736.0,743.0,150.0,838.0,4.28,105.0,3061094.0,-7.0,0.47530864197530864
2003,ARI,84,78,717.0,685.0,152.0,1006.0,3.84,107.0,2805542.0,32.0,0.5185185185185185
2003,ATL,101,61,907.0,740.0,235.0,933.0,4.1,121.0,2401084.0,167.0,0.6234567901234568
2003,BAL,71,91,743.0,820.0,152.0,902.0,4.76,105.0,2454523.0,-77.0,0.4382716049382716
2003,BOS,95,67,961.0,809.0,238.0,943.0,4.48,113.0,2724165.0,152.0,0.5864197530864198
2003,CHA,86,76,791.0,715.0,220.0,916.0,4.17,93.0,1939524.0,76.0,0.5308641975308642
2003,CHN,88,74,724.0,683.0,172.0,1158.0,3.83,106.0,2962630.0,41.0,0.5432098765432098
2003,CIN,69,93,694.0,886.0,182.0,1326.0,5.09,141.0,2355259.0,-192.0,0.42592592592592593
2003,CLE,68,94,699.0,778.0,158.0,1062.0,4.21,126.0,1730002.0,-79.0,0.41975308641975306
2003,COL,74,88,853.0,892.0,198.0,1134.0,5.2,116.0,2334085.0,-39.0,0.4567901234567901
2003,DET,43,119,591.0,928.0,153.0,1099.0,5.3,138.0,1368245.0,-337.0,0.2654320987654321
2003,FLO,91,71,751.0,692.0,157.0,978.0,4.04,78.0,1303215.0,59.0,0.5617283950617284
2003,HOU,87,75,805.0,677.0,191.0,1021.0,3.86,95.0,2454241.0,128.0,0.5370370370370371
2003,KCA,83,79,836.0,867.0,162.0,926.0,5.05,108.0,1779895.0,-31.0,0.5123456790123457
2003,LAN,85,77,574.0,556.0,124.0,985.0,3.16,119.0,3138626.0,18.0,0.5246913580246914
2003,MIL,68,94,714.0,873.0,196.0,1221.0,5.02,114.0,1700354.0,-159.0,0.41975308641975306
2003,MIN,90,72,801.0,758.0,155.0,1027.0,4.41,87.0,1946011.0,43.0,0.5555555555555556
2003,MON,83,79,711.0,716.0,144.0,990.0,4.01,102.0,1025639.0,-5.0,0.5123456790123457
2003,NYA,101,61,877.0,716.0,230.0,1042.0,4.02,114.0,3465600.0,161.0,0.6234567901234568
2003,NYN,66,95,642.0,754.0,124.0,1035.0,4.48,118.0,2140599.0,-112.0,0.40993788819875776
2003,OAK,96,66,768.0,643.0,176.0,898.0,3.63,107.0,2216596.0,125.0,0.5925925925925926
2003,PHI,86,76,791.0,697.0,166.0,1155.0,4.04,97.0,2259948.0,94.0,0.5308641975308642
2003,PIT,75,87,753.0,801.0,163.0,1049.0,4.64,123.0,1636751.0,-48.0,0.46296296296296297
2003,SDN,64,98,678.0,831.0,128.0,1073.0,4.87,102.0,2030084.0,-153.0,0.3950617283950617
2003,SEA,93,69,795.0,637.0,139.0,989.0,3.76,65.0,3268509.0,158.0,0.5740740740740741
2003,SFN,100,61,755.0,638.0,180.0,980.0,3.73,80.0,3264898.0,117.0,0.6211180124223602
2003,SLN,85,77,876.0,796.0,196.0,952.0,4.6,77.0,2910386.0,80.0,0.5246913580246914
2003,TBA,63,99,715.0,852.0,137.0,1030.0,4.93,103.0,1058695.0,-137.0,0.3888888888888889
2003,TEX,71,91,826.0,969.0,239.0,1052.0,5.67,94.0,2094394.0,-143.0,0.4382716049382716
2003,TOR,86,76,894.0,826.0,190.0,1081.0,4.69,117.0,1799458.0,68.0,0.5308641975308642
2004,ANA,92,70,836.0,734.0,162.0,942.0,4.28,90.0,3375677.0,102.0,0.5679012345679012
2004,ARI,51,111,615.0,899.0,135.0,1022.0,4.98,139.0,2519560.0,-284.0,0.3148148148148148
2004,ATL,96,66,803.0,668.0,178.0,1158.0,3.74,116.0,2327565.0,135.0,0.5925925925925926
2004,BAL,78,84,842.0,830.0,169.0,949.0,4.7,110.0,2744018.0,12.0,0.48148148148148145
2004,BOS,98,64,949.0,768.0,222.0,1189.0,4.18,118.0,2837294.0,181.0,0.6049382716049383
2004,CHA,83,79,865.0,831.0,242.0,1030.0,4.91,100.0,1930537.0,34.0,0.5123456790123457
2004,CHN,89,73,789.0,665.0,235.0,1080.0,3.81,86.0,3170154.0,124.0,0.5493827160493827
2004,CIN,76,86,750.0,907.0,194.0,1335.0,5.19,113.0,2287250.0,-157.0,0.4691358024691358
2004,CLE,80,82,858.0,857.0,184.0,1009.0,4.81,106.0,1814401.0,1.0,0.49382716049382713
2004,COL,68,94,833.0,923.0,202.0,1181.0,5.54,89.0,2338069.0,-90.0,0.41975308641975306
2004,DET,72,90,827.0,844.0,201.0,1144.0,4.93,144.0,1917004.0,-17.0,0.4444444444444444
2004,FLO,83,79,718.0,700.0,148.0,968.0,4.1,86.0,1723105.0,18.0,0.5123456790123457
2004,HOU,92,70,803.0,698.0,187.0,999.0,4.05,101.0,3087872.0,105.0,0.5679012345679012
2004,KCA,58,104,720.0,905.0,150.0,1057.0,5.15,131.0,1661478.0,-185.0,0.35802469135802467
2004,LAN,93,69,761.0,684.0,203.0,1092.0,4.01,73.0,3488283.0,77.0,0.5740740740740741
2004,MIL,67,94,634.0,757.0,135.0,1312.0,4.24,117.0,2062382.0,-123.0,0.4161490683229814
2004,MIN,92,70,780.0,715.0,191.0,982.0,4.03,101.0,1911490.0,65.0,0.5679012345679012
2004,MON,67,95,635.0,769.0,151.0,925.0,4.33,99.0,749550.0,-134.0,0.41358024691358025
2004,NYA,101,61,897.0,808.0,242.0,982.0,4.69,99.0,3775292.0,89.0,0.6234567901234568
2004,NYN,71,91,684.0,731.0,185.0,1159.0,4.09,137.0,2318951.0,-47.0,0.4382716049382716
2004,OAK,91,71,793.0,742.0,189.0,1061.0,4.17,91.0,2201516.0,51.0,0.5617283950617284
2004,PHI,86,76,840.0,781.0,215.0,1133.0,4.45,81.0,3250092.0,59.0,0.5308641975308642
2004,PIT,72,89,680.0,744.0,142.0,1066.0,4.29,103.0,1580031.0,-64.0,0.4472049689440994
2004,SDN,87,75,768.0,705.0,139.0,910.0,4.03,108.0,3016752.0,63.0,0.5370370370370371
2004,SEA,63,99,698.0,823.0,136.0,1058.0,4.76,103.0,2940731.0,-125.0,0.3888888888888889
2004,SFN,91,71,850.0,770.0,183.0,874.0,4.29,101.0,3256854.0,80.0,0.5617283950617284
2004,SLN,105,57,855.0,659.0,214.0,1085.0,3.75,97.0,3048427.0,196.0,0.6481481481481481
2004,TBA,70,91,714.0,842.0,145.0,944.0,4.81,119.0,1274911.0,-128.0,0.43478260869565216
2004,TEX,89,73,860.0,794.0,227.0,1099.0,4.53,117.0,2513685.0,66.0,0.5493827160493827
2004,TOR,67,94,719.0,823.0,145.0,1083.0,4.91,91.0,1900041.0,-104.0,0.4161490683229814
2005,ARI,77,85,696.0,856.0,191.0,1094.0,4.84,94.0,2059424.0,-160.0,0.47530864197530864
2005,ATL,90,72,769.0,674.0,184.0,1084.0,3.98,86.0,2521167.0,95.0,0.5555555555555556
2005,BAL,74,88,729.0,800.0,189.0,902.0,4.56,107.0,2624740.0,-71.0,0.4567901234567901
2005,BOS,95,67,910.0,805.0,199.0,1044.0,4.74,109.0,2847888.0,105.0,0.5864197530864198
2005,CHA,99,63,741.0,645.0,200.0,1002.0,3.61,94.0,2342833.0,96.0,0.6111111111111112
2005,CHN,79,83,703.0,714.0,194.0,920.0,4.19,101.0,3099992.0,-11.0,0.4876543209876543
2005,CIN,73,89,820.0,889.0,222.0,1303.0,5.15,104.0,1943067.0,-69.0,0.4506172839506173
2005,CLE,93,69,790.0,642.0,207.0,1093.0,3.61,106.0,2013763.0,148.0,0.5740740740740741
2005,COL,67,95,740.0,862.0,150.0,1103.0,5.13,118.0,1914389.0,-122.0,0.41358024691358025
2005,DET,71,91,723.0,787.0,168.0,1038.0,4.51,110.0,2024431.0,-64.0,0.4382716049382716
2005,FLO,83,79,717.0,732.0,128.0,918.0,4.16,103.0,1852608.0,-15.0,0.5123456790123457
2005,HOU,89,73,693.0,609.0,161.0,1037.0,3.51,89.0,2804760.0,84.0,0.5493827160493827
2005,KCA,56,106,701.0,935.0,126.0,1008.0,5.49,125.0,1371181.0,-234.0,0.345679012345679
2005,LAA,95,67,761.0,643.0,147.0,848.0,3.68,87.0,3404686.0,118.0,0.5864197530864198
2005,LAN,71,91,685.0,755.0,149.0,1094.0,4.38,106.0,3603646.0,-70.0,0.4382716049382716
2005,MIL,81,81,726.0,697.0,175.0,1162.0,3.97,119.0,2211023.0,29.0,0.5
2005,MIN,83,79,688.0,662.0,134.0,978.0,3.71,102.0,2034243.0,26.0,0.5123456790123457
2005,NYA,95,67,886.0,789.0,229.0,989.0,4.52,95.0,4090696.0,97.0,0.5864197530864198
2005,NYN,83,79,722.0,648.0,175.0,1075.0,3.76,106.0,2829929.0,74.0,0.5123456790123457
2005,OAK,88,74,772.0,658.0,155.0,819.0,3.69,88.0,2109118.0,114.0,0.5432098765432098
2005,PHI,88,74,807.0,726.0,167.0,1083.0,4.21,90.0,2665304.0,81.0,0.5432098765432098
2005,PIT,67,95,680.0,769.0,139.0,1092.0,4.42,117.0,1817245.0,-89.0,0.41358024691358025
2005,SDN,82,80,684.0,726.0,130.0,977.0,4.13,109.0,2869787.0,-42.0,0.5061728395061729
2005,SEA,69,93,699.0,751.0,130.0,986.0,4.49,86.0,2725459.0,-52.0,0.42592592592592593
2005,SFN,75,87,649.0,745.0,128.0,901.0,4.33,90.0,3181023.0,-96.0,0.46296296296296297
2005,SLN,100,62,805.0,634.0,170.0,947.0,3.49,100.0,3538988.0,171.0,0.6172839506172839
2005,TBA,67,95,750.0,936.0,157.0,990.0,5.39,124.0,1141669.0,-186.0,0.41358024691358025
2005,TEX,79,83,865.0,858.0,260.0,1112.0,4.96,108.0,2525221.0,7.0,0.4876543209876543
2005,TOR,80,82,775.0,705.0,136.0,955.0,4.06,95.0,2014995.0,70.0,0.49382716049382713
2005,WAS,81,81,639.0,673.0,117.0,1090.0,3.87,92.0,2731993.0,-34.0,0.5
2006,ARI,76,86,773.0,788.0,160.0,965.0,4.48,104.0,2091685.0,-15.0,0.4691358024691358
2006,ATL,79,83,849.0,805.0,222.0,1169.0,4.6,99.0,2550524.0,44.0,0.4876543209876543
2006,BAL,70,92,768.0,899.0,164.0,878.0,5.35,102.0,2153139.0,-131.0,0.43209876543209874
2006,BOS,86,76,820.0,825.0,192.0,1056.0,4.83,66.0,2930588.0,-5.0,0.5308641975308642
2006,CHA,90,72,868.0,794.0,236.0,1056.0,4.61,90.0,2957414.0,74.0,0.5555555555555556
2006,CHN,66,96,716.0,834.0,166.0,928.0,4.74,106.0,3123215.0,-118.0,0.4074074074074074
2006,CIN,80,82,749.0,801.0,217.0,1192.0,4.51,128.0,2134607.0,-52.0,0.49382716049382713
2006,CLE,78,84,870.0,782.0,196.0,1204.0,4.41,118.0,1997995.0,88.0,0.48148148148148145
2006,COL,76,86,813.0,812.0,157.0,1108.0,4.66,91.0,2104362.0,1.0,0.4691358024691358
2006,DET,95,67,822.0,675.0,203.0,1133.0,3.84,106.0,2595937.0,147.0,0.5864197530864198
2006,FLO,78,84,758.0,772.0,182.0,1249.0,4.37,126.0,1164134.0,-14.0,0.48148148148148145
2006,HOU,82,80,735.0,719.0,174.0,1076.0,4.08,80.0,3022763.0,16.0,0.5061728395061729
2006,KCA,62,100,757.0,971.0,124.0,1040.0,5.65,98.0,1372638.0,-214.0,0.38271604938271603
2006,LAA,89,73,766.0,732.0,159.0,914.0,4.04,124.0,3406790.0,34.0,0.5493827160493827
2006,LAN,88,74,820.0,751.0,153.0,959.0,4.23,115.0,3758545.0,69.0,0.5432098765432098
2006,MIL,75,87,730.0,833.0,180.0,1233.0,4.82,117.0,2335643.0,-103.0,0.46296296296296297
2006,MIN,96,66,801.0,683.0,143.0,872.0,3.95,84.0,2285018.0,118.0,0.5925925925925926
2006,NYA,97,65,930.0,767.0,210.0,1053.0,4.41,104.0,4248067.0,163.0,0.5987654320987654
2006,NYN,97,65,834.0,731.0,200.0,1071.0,4.14,104.0,3379535.0,103.0,0.5987654320987654
2006,OAK,93,69,771.0,727.0,175.0,976.0,4.21,84.0,1976625.0,44.0,0.5740740740740741
2006,PHI,85,77,865.0,812.0,216.0,1203.0,4.6,104.0,2701815.0,53.0,0.5246913580246914
2006,PIT,67,95,691.0,797.0,141.0,1200.0,4.52,104.0,1861549.0,-106.0,0.41358024691358025
2006,SDN,88,74,731.0,679.0,161.0,1104.0,3.87,92.0,2659757.0,52.0,0.5432098765432098
2006,SEA,78,84,756.0,792.0,172.0,974.0,4.6,88.0,2481165.0,-36.0,0.48148148148148145
2006,SFN,76,85,746.0,790.0,163.0,891.0,4.63,91.0,3130313.0,-44.0,0.4720496894409938
2006,SLN,83,78,781.0,762.0,184.0,922.0,4.54,98.0,3407104.0,19.0,0.515527950310559
2006,TBA,61,101,689.0,856.0,190.0,1106.0,4.96,116.0,1368950.0,-167.0,0.3765432098765432
2006,TEX,80,82,835.0,784.0,183.0,1061.0,4.6,98.0,2388757.0,51.0,0.49382716049382713
2006,TOR,87,75,809.0,754.0,199.0,906.0,4.37,99.0,2302212.0,55.0,0.5370370370370371
2006,WAS,71,91,746.0,872.0,164.0,1156.0,5.03,131.0,2153056.0,-126.0,0.4382716049382716
2007,ARI,90,72,712.0,732.0,171.0,1111.0,4.13,106.0,2325249.0,-20.0,0.5555555555555556
2007,ATL,84,78,810.0,733.0,176.0,1149.0,4.11,107.0,2745207.0,77.0,0.5185185185185185
2007,BAL,69,93,756.0,868.0,142.0,939.0,5.17,79.0,2164822.0,-112.0,0.42592592592592593
2007,BOS,96,66,867.0,657.0,166.0,1042.0,3.87,81.0,2970755.0,210.0,0.5925925925925926
2007,CHA,72,90,693.0,839.0,190.0,1149.0,4.77,108.0,2684395.0,-146.0,0.4444444444444444
2007,CHN,85,77,752.0,690.0,151.0,1054.0,4.04,94.0,3252462.0,62.0,0.5246913580246914
2007,CIN,72,90,783.0,853.0,204.0,1113.0,4.94,95.0,2058593.0,-70.0,0.4444444444444444
2007,CLE,96,66,811.0,704.0,178.0,1202.0,4.05,92.0,2275912.0,107.0,0.5925925925925926
2007,COL,90,73,860.0,758.0,171.0,1152.0,4.32,68.0,2376250.0,102.0,0.5521472392638037
2007,DET,88,74,887.0,797.0,177.0,1054.0,4.57,99.0,3047133.0,90.0,0.5432098765432098
2007,FLO,71,91,790.0,891.0,201.0,1332.0,4.94,137.0,1370511.0,-101.0,0.4382716049382716
2007,HOU,73,89,723.0,813.0,167.0,1043.0,4.68,103.0,3020405.0,-90.0,0.4506172839506173
2007,KCA,69,93,706.0,778.0,102.0,1069.0,4.48,106.0,1616867.0,-72.0,0.42592592592592593
2007,LAA,94,68,822.0,731.0,123.0,883.0,4.23,101.0,3365632.0,91.0,0.5802469135802469
2007,LAN,82,80,735.0,727.0,129.0,864.0,4.2,114.0,3857036.0,8.0,0.5061728395061729
2007,MIL,83,79,801.0,776.0,231.0,1137.0,4.41,109.0,2869144.0,25.0,0.5123456790123457
2007,MIN,79,83,718.0,725.0,118.0,839.0,4.15,95.0,2296383.0,-7.0,0.4876543209876543
2007,NYA,94,68,968.0,777.0,201.0,991.0,4.49,88.0,4271083.0,191.0,0.5802469135802469
2007,NYN,88,74,804.0,750.0,177.0,981.0,4.26,101.0,3853955.0,54.0,0.5432098765432098
2007,OAK,76,86,741.0,758.0,171.0,1119.0,4.28,90.0,1921844.0,-17.0,0.4691358024691358
2007,PHI,89,73,892.0,821.0,213.0,1205.0,4.73,89.0,3108325.0,71.0,0.5493827160493827
2007,PIT,68,94,724.0,846.0,148.0,1135.0,4.93,83.0,1749142.0,-122.0,0.41975308641975306
2007,SDN,89,74,741.0,666.0,171.0,1229.0,3.7,92.0,2790074.0,75.0,0.5460122699386503
2007,SEA,88,74,794.0,813.0,153.0,861.0,4.73,90.0,2672223.0,-19.0,0.5432098765432098
2007,SFN,71,91,683.0,720.0,131.0,907.0,4.19,88.0,3223215.0,-37.0,0.4382716049382716
2007,SLN,78,84,725.0,829.0,141.0,909.0,4.65,121.0,3552180.0,-104.0,0.48148148148148145
2007,TBA,66,96,782.0,944.0,187.0,1324.0,5.53,117.0,1387603.0,-162.0,0.4074074074074074
2007,TEX,75,87,816.0,844.0,179.0,1224.0,4.75,124.0,2353862.0,-28.0,0.46296296296296297
2007,TOR,83,79,753.0,699.0,165.0,1044.0,4.0,102.0,2360644.0,54.0,0.5123456790123457
2007,WAS,73,89,673.0,783.0,123.0,1128.0,4.58,109.0,1943812.0,-110.0,0.4506172839506173
2008,ARI,82,80,720.0,706.0,159.0,1287.0,3.98,113.0,2509924.0,14.0,0.5061728395061729
2008,ATL,72,90,753.0,778.0,130.0,1023.0,4.46,107.0,2532834.0,-25.0,0.4444444444444444
2008,BAL,68,93,782.0,869.0,172.0,990.0,5.13,100.0,1950075.0,-87.0,0.422360248447205
2008,BOS,95,67,845.0,694.0,173.0,1068.0,4.01,85.0,3048250.0,151.0,0.5864197530864198
2008,CHA,89,74,811.0,729.0,235.0,1016.0,4.06,108.0,2500648.0,82.0,0.5460122699386503
2008,CHN,97,64,855.0,671.0,184.0,1186.0,3.87,99.0,3300200.0,184.0,0.6024844720496895
2008,CIN,74,88,704.0,800.0,187.0,1125.0,4.55,114.0,2058632.0,-96.0,0.4567901234567901
2008,CLE,81,81,805.0,761.0,171.0,1213.0,4.45,94.0,2169760.0,44.0,0.5
2008,COL,74,88,747.0,822.0,160.0,1209.0,4.77,96.0,2650218.0,-75.0,0.4567901234567901
2008,DET,74,88,821.0,857.0,200.0,1076.0,4.9,113.0,3202645.0,-36.0,0.4567901234567901
2008,FLO,84,77,770.0,767.0,208.0,1371.0,4.43,117.0,1335076.0,3.0,0.5217391304347826
2008,HOU,86,75,712.0,743.0,167.0,1051.0,4.36,67.0,2779487.0,-31.0,0.5341614906832298
2008,KCA,75,87,691.0,781.0,120.0,1005.0,4.48,96.0,1578922.0,-90.0,0.46296296296296297
2008,LAA,100,62,765.0,697.0,159.0,987.0,3.99,91.0,3336747.0,68.0,0.6172839506172839
2008,LAN,84,78,700.0,648.0,137.0,1032.0,3.68,101.0,3730553.0,52.0,0.5185185185185185
2008,MIL,90,72,750.0,689.0,198.0,1203.0,3.85,101.0,3068458.0,61.0,0.5555555555555556
2008,MIN,88,75,829.0,745.0,111.0,979.0,4.16,108.0,2302431.0,84.0,0.5398773006134969
2008,NYA,89,73,789.0,727.0,180.0,1015.0,4.28,83.0,4298655.0,62.0,0.5493827160493827
2008,NYN,89,73,799.0,715.0,172.0,1024.0,4.07,83.0,4042045.0,84.0,0.5493827160493827
2008,OAK,75,86,646.0,690.0,125.0,1226.0,4.01,98.0,1665256.0,-44.0,0.4658385093167702
2008,PHI,92,70,799.0,680.0,214.0,1117.0,3.88,90.0,3422583.0,119.0,0.5679012345679012
2008,PIT,67,95,735.0,884.0,153.0,1039.0,5.08,107.0,1609076.0,-149.0,0.41358024691358025
2008,SDN,63,99,637.0,764.0,154.0,1259.0,4.41,85.0,2427535.0,-127.0,0.3888888888888889
2008,SEA,61,101,671.0,811.0,124.0,890.0,4.73,99.0,2329702.0,-140.0,0.3765432098765432
2008,SFN,72,90,640.0,759.0,94.0,1044.0,4.38,96.0,2863837.0,-119.0,0.4444444444444444
2008,SLN,86,76,779.0,725.0,174.0,985.0,4.19,85.0,3432917.0,54.0,0.5308641975308642
2008,TBA,97,65,774.0,671.0,180.0,1224.0,3.82,90.0,1811986.0,103.0,0.5987654320987654
2008,TEX,79,83,901.0,967.0,194.0,1207.0,5.37,132.0,1945677.0,-66.0,0.4876543209876543
2008,TOR,86,76,714.0,610.0,126.0,938.0,3.49,84.0,2399786.0,104.0,0.5308641975308642
2008,WAS,59,102,641.0,825.0,117.0,1095.0,4.66,123.0,2320400.0,-184.0,0.36645962732919257
2009,ARI,70,92,720.0,782.0,173.0,1298.0,4.42,124.0,2128765.0,-62.0,0.43209876543209874
2009,ATL,86,76,735.0,641.0,149.0,1064.0,3.57,96.0,2373631.0,94.0,0.5308641975308642
2009,BAL,64,98,741.0,876.0,160.0,1013.0,5.15,90.0,1907163.0,-135.0,0.3950617283950617
2009,BOS,95,67,872.0,736.0,212.0,1120.0,4.35,82.0,3062699.0,136.0,0.5864197530864198
2009,CHA,79,83,724.0,732.0,184.0,1022.0,4.14,113.0,2284163.0,-8.0,0.4876543209876543
2009,CHN,83,78,707.0,672.0,161.0,1185.0,3.84,105.0,3168859.0,35.0,0.515527950310559
2009,CIN,78,84,673.0,723.0,158.0,1129.0,4.18,89.0,1747919.0,-50.0,0.48148148148148145
2009,CLE,65,97,773.0,865.0,161.0,1211.0,5.06,97.0,1766242.0,-92.0,0.4012345679012346
2009,COL,92,70,804.0,715.0,190.0,1277.0,4.22,87.0,2665080.0,89.0,0.5679012345679012
2009,DET,86,77,743.0,745.0,183.0,1114.0,4.29,88.0,2567165.0,-2.0,0.5276073619631901
2009,FLO,87,75,772.0,766.0,159.0,1226.0,4.29,106.0,1464109.0,6.0,0.5370370370370371
2009,HOU,74,88,643.0,770.0,142.0,990.0,4.54,78.0,2521076.0,-127.0,0.4567901234567901
2009,KCA,65,97,686.0,842.0,144.0,1091.0,4.83,117.0,1797891.0,-156.0,0.4012345679012346
2009,LAA,97,65,883.0,761.0,173.0,1054.0,4.45,85.0,3240386.0,122.0,0.5987654320987654
2009,LAN,95,67,780.0,611.0,145.0,1068.0,3.41,83.0,3761655.0,169.0,0.5864197530864198
2009,MIL,80,82,785.0,818.0,182.0,1231.0,4.83,98.0,3037451.0,-33.0,0.49382716049382713
2009,MIN,87,76,817.0,765.0,172.0,1021.0,4.5,76.0,2416237.0,52.0,0.5337423312883436
2009,NYA,103,59,915.0,753.0,244.0,1014.0,4.26,86.0,3719358.0,162.0,0.6358024691358025
2009,NYN,70,92,671.0,757.0,95.0,928.0,4.45,97.0,3168571.0,-86.0,0.43209876543209874
2009,OAK,75,87,759.0,761.0,135.0,1046.0,4.26,105.0,1408783.0,-2.0,0.46296296296296297
2009,PHI,93,69,820.0,709.0,224.0,1155.0,4.16,76.0,3600693.0,111.0,0.5740740740740741
2009,PIT,62,99,636.0,768.0,125.0,1142.0,4.59,73.0,1577853.0,-132.0,0.38509316770186336
2009,SDN,75,87,638.0,769.0,141.0,1182.0,4.37,94.0,1919603.0,-131.0,0.46296296296296297
2009,SEA,85,77,640.0,692.0,160.0,1093.0,3.87,105.0,2195533.0,-52.0,0.5246913580246914
2009,SFN,88,74,657.0,611.0,122.0,1158.0,3.55,88.0,2862110.0,46.0,0.5432098765432098
2009,SLN,91,71,730.0,640.0,160.0,1041.0,3.66,96.0,3343252.0,90.0,0.5617283950617284
2009,TBA,84,78,803.0,754.0,199.0,1229.0,4.33,98.0,1874962.0,49.0,0.5185185185185185
2009,TEX,87,75,784.0,740.0,224.0,1253.0,4.38,106.0,2156016.0,44.0,0.5370370370370371
2009,TOR,75,87,798.0,771.0,209.0,1028.0,4.47,76.0,1876129.0,27.0,0.46296296296296297
2009,WAS,59,103,710.0,874.0,156.0,1208.0,5.0,143.0,1817226.0,-164.0,0.36419753086419754
2010,ARI,65,97,713.0,836.0,180.0,1529.0,4.81,102.0,2056941.0,-123.0,0.4012345679012346
2010,ATL,91,71,738.0,629.0,139.0,1140.0,3.56,126.0,2510119.0,109.0,0.5617283950617284
2010,BAL,66,96,613.0,785.0,133.0,1056.0,4.59,105.0,1733018.0,-172.0,0.4074074074074074
2010,BOS,89,73,818.0,744.0,211.0,1140.0,4.2,111.0,3046443.0,74.0,0.5493827160493827
2010,CHA,88,74,752.0,704.0,177.0,922.0,4.09,103.0,2194378.0,48.0,0.5432098765432098
2010,CHN,75,87,685.0,767.0,149.0,1236.0,4.18,126.0,3062973.0,-82.0,0.46296296296296297
2010,CIN,91,71,790.0,685.0,188.0,1218.0,4.01,72.0,2060550.0,105.0,0.5617283950617284
2010,CLE,69,93,646.0,752.0,128.0,1184.0,4.3,110.0,1394812.0,-106.0,0.42592592592592593
2010,COL,83,79,770.0,717.0,173.0,1274.0,4.14,101.0,2875245.0,53.0,0.5123456790123457
2010,DET,81,81,751.0,743.0,152.0,1147.0,4.3,109.0,2461237.0,8.0,0.5
2010,FLO,80,82,719.0,717.0,152.0,1375.0,4.08,123.0,1535226.0,2.0,0.49382716049382713
2010,HOU,76,86,611.0,729.0,108.0,1025.0,4.09,103.0,2331490.0,-118.0,0.4691358024691358
2010,KCA,67,95,676.0,845.0,121.0,905.0,4.97,121.0,1615324.0,-169.0,0.41358024691358025
2010,LAA,80,82,681.0,702.0,155.0,1070.0,4.04,113.0,3250816.0,-21.0,0.49382716049382713
2010,LAN,80,82,667.0,692.0,120.0,1184.0,4.01,98.0,3562320.0,-25.0,0.49382716049382713
2010,MIL,77,85,750.0,804.0,182.0,1216.0,4.58,101.0,2776531.0,-54.0,0.47530864197530864
2010,MIN,94,68,781.0,671.0,142.0,967.0,3.95,78.0,3223640.0,110.0,0.5802469135802469
2010,NYA,95,67,859.0,693.0,201.0,1136.0,4.06,69.0,3765807.0,166.0,0.5864197530864198
2010,NYN,79,83,656.0,652.0,128.0,1095.0,3.7,87.0,2559738.0,4.0,0.4876543209876543
2010,OAK,81,81,663.0,626.0,109.0,1061.0,3.56,99.0,1418391.0,37.0,0.5
2010,PHI,97,65,772.0,640.0,166.0,1064.0,3.67,83.0,3647249.0,132.0,0.5987654320987654
2010,PIT,57,105,587.0,866.0,126.0,1207.0,5.0,127.0,1613399.0,-279.0,0.35185185185185186
2010,SDN,90,72,665.0,581.0,132.0,1183.0,3.39,72.0,2131774.0,84.0,0.5555555555555556
2010,SEA,61,101,513.0,698.0,101.0,1184.0,3.93,110.0,2085488.0,-185.0,0.3765432098765432
2010,SFN,92,70,697.0,583.0,162.0,1099.0,3.36,73.0,3037443.0,114.0,0.5679012345679012
2010,SLN,86,76,736.0,641.0,150.0,1027.0,3.57,99.0,3301218.0,95.0,0.5308641975308642
2010,TBA,96,66,802.0,649.0,160.0,1292.0,3.78,85.0,1843445.0,153.0,0.5925925925925926
2010,TEX,90,72,787.0,687.0,162.0,986.0,3.93,105.0,2505171.0,100.0,0.5555555555555556
2010,TOR,85,77,755.0,728.0,257.0,1164.0,4.22,92.0,1625555.0,27.0,0.5246913580246914
2010,WAS,69,93,655.0,742.0,149.0,1220.0,4.13,127.0,1828066.0,-87.0,0.42592592592592593
2011,ARI,94,68,731.0,662.0,172.0,1249.0,3.8,90.0,2105432.0,69.0,0.5802469135802469
2011,ATL,89,73,641.0,605.0,173.0,1260.0,3.48,83.0,2372940.0,36.0,0.5493827160493827
2011,BAL,69,93,708.0,860.0,191.0,1120.0,4.89,110.0,1755461.0,-152.0,0.42592592592592593
2011,BOS,90,72,875.0,737.0,203.0,1108.0,4.2,92.0,3054001.0,138.0,0.5555555555555556
2011,CHA,79,83,654.0,706.0,154.0,989.0,4.1,79.0,2001117.0,-52.0,0.4876543209876543
2011,CHN,71,91,654.0,756.0,148.0,1202.0,4.33,134.0,3017966.0,-102.0,0.4382716049382716
2011,CIN,79,83,735.0,720.0,183.0,1250.0,4.16,91.0,2213588.0,15.0,0.4876543209876543
2011,CLE,80,82,704.0,760.0,154.0,1269.0,4.23,110.0,1840835.0,-56.0,0.49382716049382713
2011,COL,73,89,735.0,774.0,163.0,1201.0,4.43,98.0,2909777.0,-39.0,0.4506172839506173
2011,DET,95,67,787.0,711.0,169.0,1143.0,4.04,103.0,2642045.0,76.0,0.5864197530864198
2011,FLO,72,90,625.0,702.0,149.0,1244.0,3.95,93.0,1477462.0,-77.0,0.4444444444444444
2011,HOU,56,106,615.0,796.0,95.0,1164.0,4.51,116.0,2067016.0,-181.0,0.345679012345679
2011,KCA,71,91,730.0,762.0,129.0,1006.0,4.44,95.0,1724450.0,-32.0,0.4382716049382716
2011,LAA,86,76,667.0,633.0,155.0,1086.0,3.57,93.0,3166321.0,34.0,0.5308641975308642
2011,LAN,82,79,644.0,612.0,117.0,1087.0,3.54,85.0,2935139.0,32.0,0.5093167701863354
2011,MIL,96,66,721.0,638.0,185.0,1083.0,3.63,111.0,3071373.0,83.0,0.5925925925925926
2011,MIN,63,99,619.0,804.0,103.0,1048.0,4.58,119.0,3168116.0,-185.0,0.3888888888888889
2011,NYA,97,65,867.0,657.0,222.0,1138.0,3.73,102.0,3653680.0,210.0,0.5987654320987654
2011,NYN,77,85,718.0,742.0,108.0,1085.0,4.19,116.0,2352596.0,-24.0,0.47530864197530864
2011,OAK,74,88,645.0,679.0,114.0,1094.0,3.71,124.0,1476791.0,-34.0,0.4567901234567901
2011,PHI,102,60,713.0,529.0,153.0,1024.0,3.02,74.0,3680718.0,184.0,0.6296296296296297
2011,PIT,72,90,610.0,712.0,107.0,1308.0,4.04,112.0,1940429.0,-102.0,0.4444444444444444
2011,SDN,71,91,593.0,611.0,91.0,1320.0,3.42,94.0,2143018.0,-18.0,0.4382716049382716
2011,SEA,67,95,556.0,675.0,109.0,1280.0,3.9,108.0,1939421.0,-119.0,0.41358024691358025
2011,SFN,86,76,570.0,578.0,121.0,1122.0,3.2,104.0,3387303.0,-8.0,0.5308641975308642
2011,SLN,90,72,762.0,692.0,162.0,978.0,3.74,116.0,3093954.0,70.0,0.5555555555555556
2011,TBA,91,71,707.0,614.0,172.0,1193.0,3.58,73.0,1529188.0,93.0,0.5617283950617284
2011,TEX,96,66,855.0,677.0,210.0,930.0,3.79,114.0,2946949.0,178.0,0.5925925925925926
2011,TOR,81,81,743.0,761.0,186.0,1184.0,4.32,110.0,1818103.0,-18.0,0.5
2011,WAS,80,81,624.0,643.0,154.0,1323.0,3.58,104.0,1940478.0,-19.0,0.4968944099378882
2012,ARI,81,81,734.0,688.0,165.0,1266.0,3.93,90.0,2177617.0,46.0,0.5
2012,ATL,94,68,700.0,600.0,149.0,1289.0,3.42,86.0,2420171.0,100.0,0.5802469135802469
2012,BAL,93,69,712.0,705.0,214.0,1315.0,3.9,106.0,2102240.0,7.0,0.5740740740740741
2012,BOS,69,93,734.0,806.0,165.0,1197.0,4.7,101.0,3043003.0,-72.0,0.42592592592592593
2012,CHA,85,77,748.0,676.0,211.0,1203.0,4.02,70.0,1965955.0,72.0,0.5246913580246914
2012,CHN,61,101,613.0,759.0,137.0,1235.0,4.51,105.0,2882756.0,-146.0,0.3765432098765432
2012,CIN,97,65,669.0,588.0,172.0,1266.0,3.34,89.0,2347251.0,81.0,0.5987654320987654
2012,CLE,68,94,667.0,845.0,136.0,1087.0,4.78,96.0,1603596.0,-178.0,0.41975308641975306
2012,COL,64,98,758.0,890.0,166.0,1213.0,5.22,122.0,2630458.0,-132.0,0.3950617283950617
2012,DET,88,74,726.0,670.0,163.0,1103.0,3.75,99.0,3028033.0,56.0,0.5432098765432098
2012,HOU,55,107,583.0,794.0,146.0,1365.0,4.56,118.0,1607733.0,-211.0,0.3395061728395062
2012,KCA,72,90,676.0,746.0,131.0,1032.0,4.3,113.0,1739859.0,-70.0,0.4444444444444444
2012,LAA,89,73,767.0,699.0,187.0,1113.0,4.02,98.0,3061770.0,68.0,0.5493827160493827
2012,LAN,86,76,637.0,597.0,116.0,1156.0,3.34,98.0,3324246.0,40.0,0.5308641975308642
2012,MIA,69,93,609.0,724.0,137.0,1228.0,4.09,103.0,2219444.0,-115.0,0.42592592592592593
2012,MIL,83,79,776.0,733.0,202.0,1240.0,4.22,99.0,2831385.0,43.0,0.5123456790123457
2012,MIN,66,96,701.0,832.0,131.0,1069.0,4.77,107.0,2776354.0,-131.0,0.4074074074074074
2012,NYA,95,67,804.0,668.0,245.0,1176.0,3.84,75.0,3542406.0,136.0,0.5864197530864198
2012,NYN,74,88,650.0,709.0,139.0,1250.0,4.09,101.0,2242803.0,-59.0,0.4567901234567901
2012,OAK,94,68,713.0,614.0,195.0,1387.0,3.48,111.0,1679013.0,99.0,0.5802469135802469
2012,PHI,81,81,684.0,680.0,158.0,1094.0,3.83,101.0,3565718.0,4.0,0.5
2012,PIT,79,83,651.0,674.0,170.0,1354.0,3.86,112.0,2091918.0,-23.0,0.4876543209876543
2012,SDN,76,86,651.0,710.0,121.0,1238.0,4.01,121.0,2123721.0,-59.0,0.4691358024691358
2012,SEA,75,87,619.0,651.0,149.0,1259.0,3.76,72.0,1721920.0,-32.0,0.46296296296296297
2012,SFN,94,68,718.0,649.0,103.0,1097.0,3.68,115.0,3377371.0,69.0,0.5802469135802469
2012,SLN,88,74,765.0,648.0,159.0,1192.0,3.71,107.0,3262109.0,117.0,0.5432098765432098
2012,TBA,90,72,697.0,577.0,175.0,1323.0,3.19,114.0,1559681.0,120.0,0.5555555555555556
2012,TEX,93,69,808.0,707.0,200.0,1103.0,3.99,85.0,3460280.0,101.0,0.5740740740740741
2012,TOR,73,89,716.0,784.0,198.0,1251.0,4.64,101.0,2099663.0,-68.0,0.4506172839506173
2012,WAS,98,64,731.0,594.0,194.0,1325.0,3.33,94.0,2370794.0,137.0,0.6049382716049383
2013,ARI,81,81,685.0,695.0,130.0,1142.0,3.92,75.0,2134795.0,-10.0,0.5
2013,ATL,96,66,688.0,548.0,181.0,1384.0,3.18,85.0,2548679.0,140.0,0.5925925925925926
2013,BAL,85,77,745.0,709.0,212.0,1125.0,4.2,54.0,2357561.0,36.0,0.5246913580246914
2013,BOS,97,65,853.0,656.0,178.0,1308.0,3.79,80.0,2833333.0,197.0,0.5987654320987654
2013,CHA,63,99,598.0,723.0,148.0,1207.0,3.98,121.0,1768413.0,-125.0,0.3888888888888889
2013,CHN,66,96,602.0,689.0,172.0,1230.0,4.0,100.0,2642682.0,-87.0,0.4074074074074074
2013,CIN,90,72,698.0,589.0,155.0,1245.0,3.38,76.0,2534369.0,109.0,0.5555555555555556
2013,CLE,92,70,745.0,662.0,171.0,1283.0,3.82,98.0,1572926.0,83.0,0.5679012345679012
2013,COL,74,88,706.0,760.0,159.0,1204.0,4.44,90.0,2793828.0,-54.0,0.4567901234567901
2013,DET,93,69,796.0,624.0,176.0,1073.0,3.61,76.0,3083397.0,172.0,0.5740740740740741
2013,HOU,51,111,610.0,848.0,148.0,1535.0,4.79,125.0,1651883.0,-238.0,0.3148148148148148
2013,KCA,86,76,648.0,601.0,112.0,1048.0,3.45,85.0,1750754.0,47.0,0.5308641975308642
2013,LAA,78,84,733.0,737.0,164.0,1221.0,4.23,112.0,3019505.0,-4.0,0.48148148148148145
2013,LAN,92,70,649.0,582.0,138.0,1146.0,3.25,109.0,3743527.0,67.0,0.5679012345679012
2013,MIA,62,100,513.0,646.0,95.0,1232.0,3.71,88.0,1586322.0,-133.0,0.38271604938271603
2013,MIL,74,88,640.0,687.0,157.0,1183.0,3.84,114.0,2531105.0,-47.0,0.4567901234567901
2013,MIN,66,96,614.0,788.0,151.0,1430.0,4.55,81.0,2477644.0,-174.0,0.4074074074074074
2013,NYA,85,77,650.0,671.0,144.0,1214.0,3.94,69.0,3279589.0,-21.0,0.5246913580246914
2013,NYN,74,88,619.0,684.0,130.0,1384.0,3.77,93.0,2135657.0,-65.0,0.4567901234567901
2013,OAK,96,66,767.0,625.0,186.0,1178.0,3.56,97.0,1809302.0,142.0,0.5925925925925926
2013,PHI,73,89,610.0,749.0,140.0,1205.0,4.32,97.0,3012403.0,-139.0,0.4506172839506173
2013,PIT,94,68,634.0,577.0,161.0,1330.0,3.26,106.0,2256862.0,57.0,0.5802469135802469
2013,SDN,76,86,618.0,700.0,146.0,1309.0,3.98,83.0,2166691.0,-82.0,0.4691358024691358
2013,SEA,71,91,624.0,754.0,188.0,1353.0,4.31,88.0,1761546.0,-130.0,0.4382716049382716
2013,SFN,76,86,629.0,691.0,107.0,1078.0,4.0,107.0,3326796.0,-62.0,0.4691358024691358
2013,SLN,97,65,783.0,596.0,125.0,1110.0,3.42,75.0,3369769.0,187.0,0.5987654320987654
2013,TBA,92,71,700.0,646.0,165.0,1171.0,3.74,59.0,1510300.0,54.0,0.5644171779141104
2013,TEX,91,72,730.0,636.0,176.0,1067.0,3.62,86.0,3178273.0,94.0,0.558282208588957
2013,TOR,74,88,712.0,756.0,185.0,1123.0,4.25,111.0,2536562.0,-44.0,0.4567901234567901
2013,WAS,86,76,656.0,626.0,161.0,1192.0,3.59,107.0,2652422.0,30.0,0.5308641975308642
2014,ARI,64,98,615.0,742.0,118.0,1165.0,4.26,101.0,2073730.0,-127.0,0.3950617283950617
2014,ATL,79,83,573.0,597.0,123.0,1369.0,3.38,85.0,2354305.0,-24.0,0.4876543209876543
2014,BAL,96,66,705.0,593.0,211.0,1285.0,3.43,87.0,2464473.0,112.0,0.5925925925925926
2014,BOS,71,91,634.0,715.0,123.0,1337.0,4.01,92.0,2956089.0,-81.0,0.4382716049382716
2014,CHA,73,89,660.0,758.0,155.0,1362.0,4.29,107.0,1650821.0,-98.0,0.4506172839506173
2014,CHN,73,89,614.0,707.0,157.0,1477.0,3.91,103.0,2652113.0,-93.0,0.4506172839506173
2014,CIN,76,86,595.0,612.0,131.0,1252.0,3.59,72.0,2476664.0,-17.0,0.4691358024691358
2014,CLE,85,77,669.0,653.0,142.0,1189.0,3.56,116.0,1437393.0,16.0,0.5246913580246914
2014,COL,66,96,755.0,818.0,186.0,1281.0,4.84,106.0,2680329.0,-63.0,0.4074074074074074
2014,DET,90,72,757.0,705.0,155.0,1144.0,4.01,101.0,2917209.0,52.0,0.5555555555555556
2014,HOU,70,92,629.0,723.0,163.0,1442.0,4.11,106.0,1751829.0,-94.0,0.43209876543209874
2014,KCA,89,73,651.0,624.0,95.0,985.0,3.51,104.0,1956482.0,27.0,0.5493827160493827
2014,LAA,98,64,773.0,630.0,155.0,1266.0,3.58,83.0,3095935.0,143.0,0.6049382716049383
2014,LAN,94,68,718.0,617.0,134.0,1246.0,3.4,107.0,3782337.0,101.0,0.5802469135802469
2014,MIA,77,85,645.0,674.0,122.0,1419.0,3.78,97.0,1732283.0,-29.0,0.47530864197530864
2014,MIL,82,80,650.0,657.0,150.0,1197.0,3.67,99.0,2797384.0,-7.0,0.5061728395061729
2014,MIN,70,92,715.0,777.0,128.0,1329.0,4.57,97.0,2250606.0,-62.0,0.43209876543209874
2014,NYA,84,78,633.0,664.0,147.0,1133.0,3.75,92.0,3401624.0,-31.0,0.5185185185185185
2014,NYN,79,83,629.0,618.0,125.0,1264.0,3.49,104.0,2148808.0,11.0,0.4876543209876543
2014,OAK,88,74,729.0,572.0,146.0,1104.0,3.22,111.0,2003628.0,157.0,0.5432098765432098
2014,PHI,73,89,619.0,687.0,125.0,1306.0,3.79,83.0,2423852.0,-68.0,0.4506172839506173
2014,PIT,88,74,682.0,631.0,156.0,1244.0,3.47,109.0,2442564.0,51.0,0.5432098765432098
2014,SDN,77,85,535.0,577.0,109.0,1294.0,3.27,101.0,2195373.0,-42.0,0.47530864197530864
2014,SEA,87,75,634.0,554.0,136.0,1232.0,3.17,82.0,2064334.0,80.0,0.5370370370370371
2014,SFN,88,74,665.0,614.0,132.0,1245.0,3.5,100.0,3368697.0,51.0,0.5432098765432098
2014,SLN,90,72,619.0,603.0,105.0,1133.0,3.5,88.0,3540649.0,16.0,0.5555555555555556
2014,TBA,77,85,612.0,625.0,117.0,1124.0,3.56,88.0,1446464.0,-13.0,0.47530864197530864
2014,TEX,67,95,637.0,773.0,111.0,1162.0,4.49,106.0,2718733.0,-136.0,0.41358024691358025
2014,TOR,83,79,723.0,686.0,177.0,1151.0,4.0,87.0,2375525.0,37.0,0.5123456790123457
2014,WAS,96,66,686.0,555.0,152.0,1304.0,3.03,100.0,2579389.0,131.0,0.5925925925925926
2015,ARI,79,83,720.0,713.0,154.0,1312.0,4.04,86.0,2080145.0,7.0,0.4876543209876543
2015,ATL,67,95,573.0,760.0,100.0,1107.0,4.41,90.0,2001392.0,-187.0,0.41358024691358025
2015,BAL,81,81,713.0,693.0,217.0,1331.0,4.05,77.0,2281202.0,20.0,0.5
2015,BOS,78,84,748.0,753.0,161.0,1148.0,4.31,97.0,2880694.0,-5.0,0.48148148148148145
2015,CHA,76,86,622.0,701.0,136.0,1231.0,3.98,101.0,1755810.0,-79.0,0.4691358024691358
2015,CHN,97,65,689.0,608.0,171.0,1518.0,3.36,111.0,2919122.0,81.0,0.5987654320987654
2015,CIN,64,98,640.0,754.0,167.0,1255.0,4.33,90.0,2419506.0,-114.0,0.3950617283950617
2015,CLE,81,80,669.0,640.0,141.0,1157.0,3.67,79.0,1388905.0,29.0,0.5031055900621118
2015,COL,68,94,737.0,844.0,186.0,1283.0,5.04,95.0,2506789.0,-107.0,0.41975308641975306
2015,DET,74,87,689.0,803.0,151.0,1259.0,4.64,86.0,2726048.0,-114.0,0.45962732919254656
2015,HOU,86,76,729.0,618.0,230.0,1392.0,3.57,85.0,2153585.0,111.0,0.5308641975308642
2015,KCA,95,67,724.0,641.0,139.0,973.0,3.73,88.0,2708549.0,83.0,0.5864197530864198
2015,LAA,85,77,661.0,675.0,176.0,1150.0,3.94,93.0,3012765.0,-14.0,0.5246913580246914
2015,LAN,92,70,667.0,595.0,187.0,1258.0,3.44,75.0,3764815.0,72.0,0.5679012345679012
2015,MIA,71,91,613.0,678.0,120.0,1150.0,4.02,77.0,1752235.0,-65.0,0.4382716049382716
2015,MIL,68,94,655.0,737.0,145.0,1299.0,4.28,116.0,2542558.0,-82.0,0.41975308641975306
2015,MIN,83,79,696.0,700.0,156.0,1264.0,4.07,86.0,2220054.0,-4.0,0.5123456790123457
2015,NYA,87,75,764.0,698.0,212.0,1227.0,4.03,93.0,3193795.0,66.0,0.5370370370370371
2015,NYN,90,72,683.0,613.0,177.0,1290.0,3.43,88.0,2569753.0,70.0,0.5555555555555556
2015,OAK,68,94,694.0,729.0,146.0,1119.0,4.14,126.0,1768175.0,-35.0,0.41975308641975306
2015,PHI,63,99,626.0,809.0,130.0,1274.0,4.69,117.0,1831080.0,-183.0,0.3888888888888889
2015,PIT,98,64,697.0,596.0,140.0,1322.0,3.21,122.0,2498596.0,101.0,0.6049382716049383
2015,SDN,74,88,650.0,731.0,148.0,1327.0,4.09,92.0,2459742.0,-81.0,0.4567901234567901
2015,SEA,76,86,656.0,726.0,198.0,1336.0,4.16,94.0,2193581.0,-70.0,0.4691358024691358
2015,SFN,84,78,696.0,627.0,136.0,1159.0,3.72,78.0,3375882.0,69.0,0.5185185185185185
2015,SLN,100,62,647.0,525.0,137.0,1267.0,2.94,96.0,3520889.0,122.0,0.6172839506172839
2015,TBA,80,82,644.0,642.0,167.0,1310.0,3.74,95.0,1287054.0,2.0,0.49382716049382713
2015,TEX,88,74,751.0,733.0,172.0,1233.0,4.24,119.0,2491875.0,18.0,0.5432098765432098
2015,TOR,93,69,891.0,670.0,232.0,1151.0,3.8,88.0,2794891.0,221.0,0.5740740740740741
2015,WAS,83,79,703.0,635.0,177.0,1344.0,3.62,90.0,2619843.0,68.0,0.5123456790123457
2016,ARI,69,93,752.0,890.0,190.0,1427.0,5.09,101.0,2036216.0,-138.0,0.42592592592592593
2016,ATL,68,93,649.0,779.0,122.0,1240.0,4.51,101.0,2020914.0,-130.0,0.422360248447205
2016,BAL,89,73,744.0,715.0,253.0,1324.0,4.22,80.0,2172344.0,29.0,0.5493827160493827
2016,BOS,93,69,878.0,694.0,208.0,1160.0,4.0,75.0,2955434.0,184.0,0.5740740740740741
2016,CHA,78,84,686.0,715.0,168.0,1285.0,4.1,95.0,1746293.0,-29.0,0.48148148148148145
2016,CHN,103,58,808.0,556.0,199.0,1339.0,3.15,101.0,3232420.0,252.0,0.639751552795031
2016,CIN,68,94,716.0,854.0,164.0,1284.0,4.91,102.0,1894085.0,-138.0,0.41975308641975306
2016,CLE,94,67,777.0,676.0,185.0,1246.0,3.84,89.0,1591667.0,101.0,0.5838509316770186
2016,COL,75,87,845.0,860.0,204.0,1330.0,4.91,110.0,2602524.0,-15.0,0.46296296296296297
2016,DET,86,75,750.0,721.0,211.0,1303.0,4.24,75.0,2493859.0,29.0,0.5341614906832298
2016,HOU,84,78,724.0,701.0,198.0,1452.0,4.06,77.0,2306623.0,23.0,0.5185185185185185
2016,KCA,81,81,675.0,712.0,147.0,1224.0,4.21,94.0,2557712.0,-37.0,0.5
2016,LAA,74,88,717.0,727.0,156.0,991.0,4.28,97.0,3016142.0,-10.0,0.4567901234567901
2016,LAN,91,71,725.0,638.0,189.0,1321.0,3.7,80.0,3703312.0,87.0,0.5617283950617284
2016,MIA,79,82,655.0,682.0,128.0,1213.0,4.05,86.0,1712417.0,-27.0,0.4906832298136646
2016,MIL,73,89,671.0,733.0,194.0,1543.0,4.08,136.0,2314614.0,-62.0,0.4506172839506173
2016,MIN,59,103,722.0,889.0,200.0,1426.0,5.08,126.0,1963912.0,-167.0,0.36419753086419754
2016,NYA,84,78,680.0,702.0,183.0,1188.0,4.16,86.0,3063405.0,-22.0,0.5185185185185185
2016,NYN,87,75,671.0,617.0,218.0,1302.0,3.57,90.0,2789602.0,54.0,0.5370370370370371
2016,OAK,69,93,653.0,761.0,169.0,1145.0,4.51,97.0,1521506.0,-108.0,0.42592592592592593
2016,PHI,71,91,610.0,796.0,161.0,1376.0,4.63,97.0,1915144.0,-186.0,0.4382716049382716
2016,PIT,78,83,729.0,758.0,153.0,1334.0,4.21,111.0,2249201.0,-29.0,0.484472049689441
2016,SDN,68,94,686.0,770.0,177.0,1500.0,4.43,109.0,2351422.0,-84.0,0.41975308641975306
2016,SEA,86,76,768.0,707.0,223.0,1288.0,4.0,89.0,2267928.0,61.0,0.5308641975308642
2016,SFN,87,75,715.0,631.0,130.0,1107.0,3.65,72.0,3365256.0,84.0,0.5370370370370371
2016,SLN,86,76,779.0,712.0,225.0,1318.0,4.08,107.0,3444490.0,67.0,0.5308641975308642
2016,TBA,68,94,672.0,713.0,216.0,1482.0,4.2,94.0,1286163.0,-41.0,0.41975308641975306
2016,TEX,95,67,765.0,757.0,215.0,1220.0,4.37,97.0,2710402.0,8.0,0.5864197530864198
2016,TOR,89,73,759.0,666.0,221.0,1362.0,3.78,88.0,3392099.0,93.0,0.5493827160493827
2016,WAS,95,67,763.0,612.0,203.0,1252.0,3.51,73.0,2481938.0,151.0,0.5864197530864198
2017,ARI,93,69,812.0,659.0,220.0,1456.0,3.66,108.0,2134375.0,153.0,0.5740740740740741
2017,ATL,72,90,732.0,821.0,165.0,1184.0,4.72,97.0,2505252.0,-89.0,0.4444444444444444
2017,BAL,75,87,743.0,841.0,232.0,1412.0,4.97,94.0,2028424.0,-98.0,0.46296296296296297
2017,BOS,93,69,785.0,668.0,168.0,1224.0,3.7,107.0,2917678.0,117.0,0.5740740740740741
2017,CHA,67,95,706.0,820.0,186.0,1397.0,4.78,114.0,1629470.0,-114.0,0.41358024691358025
2017,CHN,92,70,822.0,695.0,223.0,1401.0,3.95,95.0,3199562.0,127.0,0.5679012345679012
2017,CIN,68,94,753.0,869.0,219.0,1329.0,5.17,81.0,1836917.0,-116.0,0.41975308641975306
2017,CLE,102,60,818.0,564.0,212.0,1153.0,3.3,76.0,2048138.0,254.0,0.6296296296296297
2017,COL,87,75,824.0,757.0,192.0,1408.0,4.51,77.0,2953650.0,67.0,0.5370370370370371
2017,DET,64,98,735.0,894.0,187.0,1313.0,5.36,84.0,2321599.0,-159.0,0.3950617283950617
2017,HOU,101,61,896.0,700.0,238.0,1087.0,4.12,99.0,2403671.0,196.0,0.6234567901234568
2017,KCA,80,82,702.0,791.0,193.0,1166.0,4.61,79.0,2220370.0,-89.0,0.49382716049382713
2017,LAA,80,82,710.0,709.0,186.0,1198.0,4.2,80.0,3019585.0,1.0,0.49382716049382713
2017,LAN,104,58,770.0,580.0,221.0,1380.0,3.38,88.0,3765856.0,190.0,0.6419753086419753
2017,MIA,77,85,778.0,822.0,194.0,1282.0,4.82,73.0,1583014.0,-44.0,0.47530864197530864
2017,MIL,86,76,732.0,697.0,224.0,1571.0,4.0,115.0,2627705.0,35.0,0.5308641975308642
2017,MIN,85,77,815.0,788.0,206.0,1342.0,4.59,78.0,2051279.0,27.0,0.5246913580246914
2017,NYA,91,71,858.0,660.0,241.0,1386.0,3.72,95.0,3146966.0,198.0,0.5617283950617284
2017,NYN,70,92,735.0,863.0,224.0,1291.0,5.01,92.0,2460622.0,-128.0,0.43209876543209874
2017,OAK,75,87,739.0,826.0,234.0,1491.0,4.67,121.0,1475721.0,-87.0,0.46296296296296297
2017,PHI,66,96,690.0,782.0,174.0,1417.0,4.55,82.0,1905354.0,-92.0,0.4074074074074074
2017,PIT,75,87,668.0,731.0,151.0,1213.0,4.22,99.0,1919447.0,-63.0,0.46296296296296297
2017,SDN,71,91,604.0,816.0,189.0,1499.0,4.67,113.0,2138491.0,-212.0,0.4382716049382716
2017,SEA,78,84,750.0,772.0,200.0,1267.0,4.46,103.0,2135445.0,-22.0,0.48148148148148145
2017,SFN,64,98,639.0,776.0,128.0,1204.0,4.5,87.0,3303652.0,-137.0,0.3950617283950617
2017,SLN,83,79,761.0,705.0,196.0,1348.0,4.01,94.0,3447937.0,56.0,0.5123456790123457
2017,TBA,80,82,694.0,704.0,228.0,1538.0,3.97,100.0,1253619.0,-10.0,0.49382716049382713
2017,TEX,78,84,799.0,816.0,237.0,1493.0,4.66,108.0,2507760.0,-17.0,0.48148148148148145
2017,TOR,76,86,693.0,784.0,222.0,1327.0,4.42,92.0,3203886.0,-91.0,0.4691358024691358
2017,WAS,97,65,819.0,672.0,215.0,1327.0,3.88,86.0,2524980.0,147.0,0.5987654320987654
2018,ARI,82,80,693.0,644.0,176.0,1460.0,3.72,75.0,2242695.0,49.0,0.5061728395061729
2018,ATL,90,72,759.0,657.0,175.0,1290.0,3.75,80.0,2555781.0,102.0,0.5555555555555556
2018,BAL,47,115,622.0,892.0,188.0,1412.0,5.18,104.0,1564192.0,-270.0,0.29012345679012347
2018,BOS,108,54,876.0,647.0,208.0,1253.0,3.75,77.0,2895575.0,229.0,0.6666666666666666
2018,CHA,62,100,656.0,848.0,182.0,1594.0,4.83,114.0,1608817.0,-192.0,0.38271604938271603
2018,CHN,95,68,761.0,645.0,167.0,1388.0,3.65,104.0,3181089.0,116.0,0.5828220858895705
2018,CIN,67,95,696.0,819.0,172.0,1376.0,4.63,95.0,1629356.0,-123.0,0.41358024691358025
2018,CLE,91,71,818.0,648.0,216.0,1189.0,3.77,83.0,1926701.0,170.0,0.5617283950617284
2018,COL,91,72,780.0,745.0,210.0,1397.0,4.33,74.0,3015880.0,35.0,0.558282208588957
2018,DET,64,98,630.0,796.0,135.0,1341.0,4.58,95.0,1856970.0,-166.0,0.3950617283950617
2018,HOU,103,59,797.0,534.0,205.0,1197.0,3.11,63.0,2980549.0,263.0,0.6358024691358025
2018,KCA,58,104,638.0,833.0,155.0,1310.0,4.94,77.0,1665107.0,-195.0,0.35802469135802467
2018,LAA,80,82,721.0,722.0,214.0,1300.0,4.15,76.0,3020216.0,-1.0,0.49382716049382713
2018,LAN,92,71,804.0,610.0,235.0,1436.0,3.38,100.0,3857500.0,194.0,0.5644171779141104
2018,MIA,63,98,589.0,809.0,128.0,1384.0,4.76,83.0,811104.0,-220.0,0.391304347826087
2018,MIL,96,67,754.0,659.0,218.0,1458.0,3.73,108.0,2850875.0,95.0,0.588957055214724
2018,MIN,78,84,738.0,775.0,166.0,1328.0,4.5,97.0,1959197.0,-37.0,0.48148148148148145
2018,NYA,100,62,851.0,669.0,267.0,1421.0,3.78,94.0,3482855.0,182.0,0.6172839506172839
2018,NYN,77,85,676.0,707.0,170.0,1404.0,4.07,88.0,2224995.0,-31.0,0.47530864197530864
2018,OAK,97,65,813.0,674.0,227.0,1381.0,3.81,89.0,1573616.0,139.0,0.5987654320987654
2018,PHI,80,82,677.0,728.0,186.0,1520.0,4.14,123.0,2158124.0,-51.0,0.49382716049382713
2018,PIT,82,79,692.0,693.0,157.0,1229.0,4.0,105.0,1465316.0,-1.0,0.5093167701863354
2018,SDN,66,96,617.0,767.0,162.0,1523.0,4.4,100.0,2168536.0,-150.0,0.4074074074074074
2018,SEA,89,73,677.0,711.0,176.0,1221.0,4.13,88.0,2299489.0,-34.0,0.5493827160493827
2018,SFN,73,89,603.0,699.0,133.0,1467.0,3.95,97.0,3156185.0,-96.0,0.4506172839506173
2018,SLN,88,74,759.0,691.0,205.0,1380.0,3.85,133.0,3403587.0,68.0,0.5432098765432098
2018,TBA,90,72,716.0,646.0,150.0,1388.0,3.74,85.0,1154973.0,70.0,0.5555555555555556
2018,TEX,67,95,737.0,848.0,194.0,1484.0,4.92,120.0,2107107.0,-111.0,0.41358024691358025
2018,TOR,73,89,709.0,832.0,217.0,1387.0,4.85,101.0,2325281.0,-123.0,0.4506172839506173
2018,WAS,82,80,771.0,682.0,191.0,1289.0,4.04,64.0,2529604.0,89.0,0.5061728395061729
2019,ARI,85,77,813.0,743.0,220.0,1360.0,4.25,86.0,2135510.0,70.0,0.5246913580246914
2019,ATL,97,65,855.0,743.0,249.0,1467.0,4.19,78.0,2655100.0,112.0,0.5987654320987654
2019,BAL,54,108,729.0,981.0,213.0,1435.0,5.59,108.0,1307807.0,-252.0,0.3333333333333333
2019,BOS,84,78,901.0,828.0,245.0,1382.0,4.7,88.0,2924627.0,73.0,0.5185185185185185
2019,CHA,72,89,708.0,832.0,182.0,1549.0,4.9,117.0,1649775.0,-124.0,0.4472049689440994
2019,CHN,84,78,814.0,717.0,256.0,1460.0,4.1,118.0,3094865.0,97.0,0.5185185185185185
2019,CIN,75,87,701.0,711.0,227.0,1436.0,4.18,91.0,1808685.0,-10.0,0.46296296296296297
2019,CLE,93,69,769.0,657.0,223.0,1332.0,3.76,83.0,1738642.0,112.0,0.5740740740740741
2019,COL,71,91,835.0,958.0,224.0,1503.0,5.56,97.0,2993244.0,-123.0,0.4382716049382716
2019,DET,47,114,582.0,915.0,149.0,1595.0,5.24,110.0,1501430.0,-333.0,0.2919254658385093
2019,HOU,107,55,920.0,640.0,288.0,1166.0,3.66,71.0,2857367.0,280.0,0.6604938271604939
2019,KCA,59,103,691.0,869.0,162.0,1405.0,5.2,73.0,1479659.0,-178.0,0.36419753086419754
2019,LAA,72,90,769.0,868.0,220.0,1276.0,5.12,92.0,3019012.0,-99.0,0.4444444444444444
2019,LAN,106,56,886.0,613.0,279.0,1356.0,3.37,106.0,3974309.0,273.0,0.654320987654321
2019,MIA,57,105,615.0,808.0,146.0,1469.0,4.74,94.0,811302.0,-193.0,0.35185185185185186
2019,MIL,89,73,769.0,766.0,250.0,1563.0,4.4,97.0,2923333.0,3.0,0.5493827160493827
2019,MIN,101,61,939.0,754.0,307.0,1334.0,4.18,111.0,2294152.0,185.0,0.6234567901234568
2019,NYA,103,59,943.0,739.0,306.0,1437.0,4.31,102.0,3304404.0,204.0,0.6358024691358025
2019,NYN,86,76,791.0,737.0,242.0,1384.0,4.24,99.0,2442532.0,54.0,0.5308641975308642
2019,OAK,97,65,845.0,680.0,257.0,1338.0,3.97,80.0,1662211.0,165.0,0.5987654320987654
2019,PHI,81,81,774.0,794.0,215.0,1453.0,4.53,97.0,2727421.0,-20.0,0.5
2019,PIT,69,93,758.0,911.0,163.0,1213.0,5.18,121.0,1491439.0,-153.0,0.42592592592592593
2019,SDN,70,92,682.0,789.0,219.0,1581.0,4.6,116.0,2396399.0,-107.0,0.43209876543209874
2019,SEA,68,94,758.0,893.0,239.0,1581.0,4.99,132.0,1791863.0,-135.0,0.41975308641975306
2019,SFN,77,85,678.0,773.0,167.0,1435.0,4.38,90.0,2707760.0,-95.0,0.47530864197530864
2019,SLN,91,71,764.0,662.0,210.0,1420.0,3.8,66.0,3480393.0,102.0,0.5617283950617284
2019,TBA,96,66,769.0,656.0,217.0,1493.0,3.65,87.0,1178735.0,113.0,0.5925925925925926
2019,TEX,78,84,810.0,878.0,223.0,1578.0,5.06,105.0,2132994.0,-68.0,0.48148148148148145
2019,TOR,67,95,726.0,828.0,247.0,1514.0,4.79,96.0,1750114.0,-102.0,0.41358024691358025
2019,WAS,93,69,873.0,724.0,231.0,1308.0,4.27,87.0,2259781.0,149.0,0.5740740740740741
2020,ARI,25,35,269.0,295.0,58.0,461.0,4.84,35.0,0.0,-26.0,0.4166666666666667
2020,ATL,35,25,348.0,288.0,103.0,573.0,4.41,33.0,0.0,60.0,0.5833333333333334
2020,BAL,25,35,274.0,294.0,77.0,514.0,4.51,43.0,0.0,-20.0,0.4166666666666667
2020,BOS,24,36,292.0,351.0,81.0,545.0,5.58,45.0,0.0,-59.0,0.4
2020,CHA,35,25,306.0,246.0,96.0,571.0,3.81,38.0,0.0,60.0,0.5833333333333334
2020,CHN,34,26,265.0,240.0,74.0,568.0,3.99,30.0,0.0,25.0,0.5666666666666667
2020,CIN,31,29,243.0,243.0,90.0,534.0,3.84,27.0,0.0,0.0,0.5166666666666667
2020,CLE,35,25,248.0,209.0,59.0,517.0,3.29,30.0,0.0,39.0,0.5833333333333334
2020,COL,26,34,275.0,353.0,63.0,543.0,5.59,42.0,0.0,-78.0,0.43333333333333335
2020,DET,23,35,249.0,318.0,62.0,567.0,5.63,27.0,0.0,-69.0,0.39655172413793105
2020,HOU,29,31,279.0,275.0,69.0,440.0,4.31,20.0,0.0,4.0,0.48333333333333334
2020,KCA,26,34,248.0,272.0,68.0,527.0,4.3,31.0,0.0,-24.0,0.43333333333333335
2020,LAA,26,34,294.0,321.0,85.0,490.0,5.09,36.0,0.0,-27.0,0.43333333333333335
2020,LAN,43,17,349.0,213.0,118.0,471.0,3.02,40.0,0.0,136.0,0.7166666666666667
2020,MIA,31,29,263.0,304.0,60.0,537.0,4.86,39.0,0.0,-41.0,0.5166666666666667
2020,MIL,29,31,247.0,264.0,75.0,582.0,4.16,34.0,0.0,-17.0,0.48333333333333334
2020,MIN,36,24,269.0,215.0,91.0,528.0,3.58,20.0,0.0,54.0,0.6
2020,NYA,33,27,315.0,270.0,94.0,480.0,4.35,48.0,0.0,45.0,0.55
2020,NYN,26,34,286.0,308.0,86.0,498.0,4.98,32.0,0.0,-22.0,0.43333333333333335
2020,OAK,36,24,274.0,232.0,71.0,524.0,3.77,26.0,0.0,42.0,0.6
2020,PHI,28,32,306.0,311.0,82.0,480.0,5.14,35.0,0.0,-5.0,0.4666666666666667
2020,PIT,19,41,219.0,298.0,59.0,521.0,4.68,47.0,0.0,-79.0,0.31666666666666665
2020,SDN,37,23,325.0,241.0,95.0,479.0,3.86,32.0,0.0,84.0,0.6166666666666667
2020,SEA,27,33,254.0,303.0,60.0,545.0,5.03,23.0,0.0,-49.0,0.45
2020,SFN,29,31,299.0,297.0,81.0,499.0,4.64,41.0,0.0,2.0,0.48333333333333334
2020,SLN,30,28,240.0,229.0,51.0,477.0,3.9,33.0,0.0,11.0,0.5172413793103449
2020,TBA,40,20,289.0,229.0,80.0,608.0,3.56,33.0,0.0,60.0,0.6666666666666666
2020,TEX,22,38,224.0,312.0,62.0,548.0,5.02,40.0,0.0,-88.0,0.36666666666666664
2020,TOR,32,28,302.0,312.0,88.0,508.0,4.6,38.0,0.0,-10.0,0.5333333333333333
2020,WAS,26,34,293.0,301.0,66.0,451.0,5.09,39.0,0.0,-8.0,0.43333333333333335
2021,ARI,52,110,679.0,893.0,144.0,1465.0,5.11,100.0,1043010.0,-214.0,0.32098765432098764
2021,ATL,88,73,790.0,656.0,239.0,1453.0,3.88,71.0,2300247.0,134.0,0.546583850931677
2021,BAL,52,110,659.0,956.0,195.0,1454.0,5.84,74.0,793229.0,-297.0,0.32098765432098764
2021,BOS,92,70,829.0,749.0,219.0,1386.0,4.26,108.0,1725323.0,80.0,0.5679012345679012
2021,CHA,93,69,796.0,636.0,190.0,1389.0,3.73,97.0,1596385.0,160.0,0.5740740740740741
2021,CHN,71,91,705.0,839.0,210.0,1596.0,4.87,87.0,1978934.0,-134.0,0.4382716049382716
2021,CIN,83,79,786.0,760.0,222.0,1425.0,4.4,91.0,1505024.0,26.0,0.5123456790123457
2021,CLE,80,82,717.0,727.0,203.0,1387.0,4.34,86.0,1114368.0,-10.0,0.49382716049382713
2021,COL,74,87,739.0,796.0,182.0,1356.0,4.82,73.0,1938645.0,-57.0,0.45962732919254656
2021,DET,77,85,697.0,756.0,179.0,1514.0,4.32,83.0,1102621.0,-59.0,0.47530864197530864
2021,HOU,95,67,863.0,658.0,221.0,1222.0,3.78,69.0,2068509.0,205.0,0.5864197530864198
2021,KCA,74,88,686.0,788.0,163.0,1258.0,4.64,84.0,1159613.0,-102.0,0.4567901234567901
2021,LAA,77,85,723.0,804.0,190.0,1394.0,4.69,88.0,1515689.0,-81.0,0.47530864197530864
2021,LAN,106,56,830.0,561.0,237.0,1408.0,3.01,89.0,2804693.0,269.0,0.654320987654321
2021,MIA,67,95,623.0,701.0,158.0,1553.0,3.96,122.0,642617.0,-78.0,0.41358024691358025
2021,MIL,95,67,738.0,623.0,194.0,1465.0,3.5,94.0,1824282.0,115.0,0.5864197530864198
2021,MIN,73,89,729.0,834.0,228.0,1405.0,4.83,107.0,1310199.0,-105.0,0.4506172839506173
2021,NYA,92,70,711.0,669.0,222.0,1482.0,3.74,98.0,1959854.0,42.0,0.5679012345679012
2021,NYN,77,85,636.0,668.0,176.0,1392.0,3.9,95.0,1511926.0,-32.0,0.47530864197530864
2021,OAK,86,76,743.0,687.0,199.0,1349.0,4.02,72.0,701430.0,56.0,0.5308641975308642
2021,PHI,82,80,734.0,745.0,198.0,1402.0,4.39,94.0,1515890.0,-11.0,0.5061728395061729
2021,PIT,61,101,609.0,833.0,124.0,1328.0,5.08,70.0,859498.0,-224.0,0.3765432098765432
2021,SDN,79,83,729.0,708.0,180.0,1324.0,4.1,82.0,2191950.0,21.0,0.4876543209876543
2021,SEA,90,72,697.0,748.0,199.0,1492.0,4.3,79.0,1215985.0,-51.0,0.5555555555555556
2021,SFN,107,55,804.0,594.0,241.0,1461.0,3.24,80.0,1679484.0,210.0,0.6604938271604939
2021,SLN,90,72,706.0,672.0,198.0,1341.0,3.98,84.0,2102530.0,34.0,0.5555555555555556
2021,TBA,100,62,857.0,651.0,222.0,1542.0,3.67,80.0,761072.0,206.0,0.6172839506172839
2021,TEX,60,102,625.0,815.0,167.0,1381.0,4.79,83.0,2110258.0,-190.0,0.37037037037037035
2021,TOR,91,71,846.0,663.0,262.0,1218.0,3.91,90.0,805901.0,183.0,0.5617283950617284
2021,WAS,65,97,724.0,820.0,182.0,1303.0,4.8,96.0,1465543.0,-96.0,0.4012345679012346
2022,ARI,74,88,702.0,740.0,173.0,1341.0,4.25,86.0,1605199.0,-38.0,0.4567901234567901
2022,ATL,101,61,789.0,609.0,243.0,1498.0,3.46,77.0,3129931.0,180.0,0.6234567901234568
2022,BAL,83,79,674.0,688.0,171.0,1390.0,3.97,91.0,1368367.0,-14.0,0.5123456790123457
2022,BOS,78,84,735.0,787.0,155.0,1373.0,4.53,85.0,2625089.0,-52.0,0.48148148148148145
2022,CHA,81,81,686.0,717.0,149.0,1269.0,3.92,102.0,2009359.0,-31.0,0.5
2022,CHN,74,88,657.0,731.0,159.0,1448.0,4.0,96.0,2616780.0,-74.0,0.4567901234567901
2022,CIN,62,100,648.0,815.0,156.0,1430.0,4.86,81.0,1395770.0,-167.0,0.38271604938271603
2022,CLE,92,70,698.0,634.0,127.0,1122.0,3.46,97.0,1295870.0,64.0,0.5679012345679012
2022,COL,68,94,698.0,873.0,149.0,1330.0,5.06,100.0,2597428.0,-175.0,0.41975308641975306
2022,DET,66,96,557.0,713.0,110.0,1413.0,4.04,94.0,1575544.0,-156.0,0.4074074074074074
2022,HOU,106,56,737.0,518.0,214.0,1179.0,2.9,72.0,2688998.0,219.0,0.654320987654321
2022,KCA,65,97,640.0,810.0,138.0,1287.0,4.7,82.0,1277686.0,-170.0,0.4012345679012346
2022,LAA,73,89,623.0,668.0,190.0,1539.0,3.77,84.0,2457461.0,-45.0,0.4506172839506173
2022,LAN,111,51,847.0,513.0,212.0,1374.0,2.8,83.0,3861408.0,334.0,0.6851851851851852
2022,MIA,69,93,586.0,676.0,144.0,1429.0,3.86,69.0,907487.0,-90.0,0.42592592592592593
2022,MIL,86,76,725.0,688.0,219.0,1464.0,3.83,91.0,2422420.0,37.0,0.5308641975308642
2022,MIN,78,84,696.0,684.0,178.0,1353.0,3.98,83.0,1801128.0,12.0,0.48148148148148145
2022,NYA,99,63,807.0,567.0,254.0,1391.0,3.3,74.0,3136207.0,240.0,0.6111111111111112
2022,NYN,101,61,772.0,606.0,171.0,1217.0,3.57,67.0,2564737.0,166.0,0.6234567901234568
2022,OAK,60,102,568.0,770.0,137.0,1389.0,4.52,92.0,787902.0,-202.0,0.37037037037037035
2022,PHI,87,75,747.0,685.0,205.0,1363.0,3.97,69.0,2276736.0,62.0,0.5370370370370371
2022,PIT,62,100,591.0,817.0,158.0,1497.0,4.66,121.0,1257458.0,-226.0,0.38271604938271603
2022,SDN,89,73,705.0,660.0,153.0,1327.0,3.81,76.0,2987470.0,45.0,0.5493827160493827
2022,SEA,90,72,690.0,623.0,197.0,1397.0,3.59,69.0,2287267.0,67.0,0.5555555555555556
2022,SFN,81,81,716.0,697.0,183.0,1462.0,3.85,100.0,2482686.0,19.0,0.5
2022,SLN,93,69,772.0,637.0,197.0,1226.0,3.79,66.0,3320551.0,135.0,0.5740740740740741
2022,TBA,86,76,666.0,614.0,139.0,1395.0,3.41,84.0,1128127.0,52.0,0.5308641975308642
2022,TEX,68,94,707.0,743.0,198.0,1446.0,4.22,96.0,2011361.0,-36.0,0.41975308641975306
2022,TOR,92,70,775.0,679.0,200.0,1242.0,3.87,82.0,2653830.0,96.0,0.5679012345679012
2022,WAS,55,107,603.0,855.0,136.0,1221.0,5.0,104.0,2026401.0,-252.0,0.3395061728395062
2023,ARI,84,78,746.0,761.0,166.0,1247.0,4.48,56.0,1961182.0,-15.0,0.5185185185185185
2023,ATL,104,58,947.0,716.0,307.0,1289.0,4.14,82.0,3191505.0,231.0,0.6419753086419753
2023,BAL,101,61,807.0,678.0,183.0,1370.0,3.89,71.0,1936798.0,129.0,0.6234567901234568
2023,BOS,78,84,772.0,776.0,182.0,1372.0,4.52,102.0,2672130.0,-4.0,0.48148148148148145
2023,CHA,61,101,641.0,841.0,171.0,1424.0,4.87,95.0,1669628.0,-200.0,0.3765432098765432
2023,CHN,83,79,819.0,723.0,196.0,1391.0,4.08,92.0,2775149.0,96.0,0.5123456790123457
2023,CIN,82,80,783.0,821.0,198.0,1500.0,4.83,91.0,2038302.0,-38.0,0.5061728395061729
2023,CLE,76,86,662.0,697.0,124.0,1142.0,3.96,83.0,1834068.0,-35.0,0.4691358024691358
2023,COL,59,103,721.0,957.0,163.0,1543.0,5.67,81.0,2607935.0,-236.0,0.36419753086419754
2023,DET,78,84,661.0,740.0,165.0,1473.0,4.24,100.0,1612876.0,-79.0,0.48148148148148145
2023,HOU,90,72,827.0,698.0,222.0,1241.0,3.94,81.0,3052347.0,129.0,0.5555555555555556
2023,KCA,56,106,676.0,859.0,163.0,1396.0,5.17,80.0,1307052.0,-183.0,0.345679012345679
2023,LAA,73,89,739.0,829.0,231.0,1524.0,4.64,95.0,2640575.0,-90.0,0.4506172839506173
2023,LAN,100,62,906.0,699.0,249.0,1359.0,4.06,76.0,3837079.0,207.0,0.6172839506172839
2023,MIA,84,78,666.0,723.0,166.0,1287.0,4.21,98.0,1162819.0,-57.0,0.5185185185185185
2023,MIL,92,70,728.0,647.0,165.0,1412.0,3.71,77.0,2551347.0,81.0,0.5679012345679012
2023,MIN,87,75,778.0,659.0,233.0,1654.0,3.87,66.0,1974124.0,119.0,0.5370370370370371
2023,NYA,82,80,673.0,698.0,219.0,1427.0,3.97,96.0,3269016.0,-25.0,0.5061728395061729
2023,NYN,75,87,717.0,729.0,215.0,1331.0,4.3,88.0,2573555.0,-12.0,0.46296296296296297
2023,OAK,50,112,585.0,924.0,171.0,1496.0,5.48,102.0,832352.0,-339.0,0.30864197530864196
2023,PHI,90,72,796.0,715.0,220.0,1481.0,4.03,91.0,3052605.0,81.0,0.5555555555555556
2023,PIT,76,86,692.0,790.0,159.0,1464.0,4.6,91.0,1630624.0,-98.0,0.4691358024691358
2023,SDN,82,80,752.0,648.0,205.0,1311.0,3.73,73.0,3271554.0,104.0,0.5061728395061729
2023,SEA,88,74,758.0,659.0,210.0,1603.0,3.74,73.0,2690418.0,99.0,0.5432098765432098
2023,SFN,79,83,674.0,719.0,174.0,1492.0,4.02,117.0,2500153.0,-45.0,0.4876543209876543
2023,SLN,71,91,719.0,829.0,209.0,1326.0,4.79,67.0,3241091.0,-110.0,0.4382716049382716
2023,TBA,99,63,860.0,665.0,230.0,1420.0,3.86,75.0,1440301.0,195.0,0.6111111111111112
2023,TEX,90,72,881.0,716.0,233.0,1416.0,4.28,57.0,2533044.0,165.0,0.5555555555555556
2023,TOR,89,73,746.0,671.0,188.0,1303.0,3.78,71.0,3021904.0,75.0,0.5493827160493827
2023,WAS,71,91,700.0,845.0,151.0,1149.0,5.02,90.0,1865832.0,-145.0,0.4382716049382716
2024,ARI,89,73,886.0,788.0,211.0,1265.0,4.63,62.0,2341876.0,98.0,0.5493827160493827
2024,ATL,89,73,704.0,607.0,213.0,1461.0,3.49,68.0,3011755.0,97.0,0.5493827160493827
2024,BAL,91,71,786.0,699.0,235.0,1359.0,3.94,81.0,2281129.0,87.0,0.5617283950617284
2024,BOS,81,81,751.0,747.0,194.0,1570.0,4.05,115.0,2659949.0,4.0,0.5
2024,CHA,41,121,507.0,813.0,133.0,1403.0,4.67,90.0,1380733.0,-306.0,0.25308641975308643
2024,CHN,83,79,736.0,669.0,170.0,1362.0,3.79,76.0,2909794.0,67.0,0.5123456790123457
2024,CIN,77,85,699.0,694.0,174.0,1459.0,4.09,96.0,2024178.0,5.0,0.47530864197530864
2024,CLE,92,69,708.0,621.0,185.0,1196.0,3.61,87.0,2056264.0,87.0,0.5714285714285714
2024,COL,61,101,682.0,929.0,179.0,1617.0,5.48,82.0,2540195.0,-247.0,0.3765432098765432
2024,DET,86,76,682.0,642.0,162.0,1461.0,3.63,80.0,1858295.0,40.0,0.5308641975308642
2024,HOU,88,73,740.0,649.0,190.0,1176.0,3.75,84.0,2835234.0,91.0,0.546583850931677
2024,KCA,86,76,735.0,644.0,170.0,1161.0,3.76,85.0,1658347.0,91.0,0.5308641975308642
2024,LAA,63,99,635.0,797.0,165.0,1416.0,4.57,97.0,2577597.0,-162.0,0.3888888888888889
2024,LAN,98,64,842.0,686.0,233.0,1336.0,3.92,88.0,3941251.0,156.0,0.6049382716049383
2024,MIA,62,100,637.0,841.0,150.0,1410.0,4.75,117.0,1087455.0,-204.0,0.38271604938271603
2024,MIL,93,69,777.0,641.0,177.0,1459.0,3.65,89.0,2537202.0,136.0,0.5740740740740741
2024,MIN,82,80,742.0,735.0,183.0,1306.0,4.26,70.0,1951616.0,7.0,0.5061728395061729
2024,NYA,94,68,815.0,668.0,237.0,1326.0,3.76,93.0,3309838.0,147.0,0.5802469135802469
2024,NYN,89,73,768.0,697.0,207.0,1382.0,3.96,94.0,2329299.0,71.0,0.5493827160493827
2024,OAK,69,93,643.0,764.0,196.0,1502.0,4.37,84.0,922286.0,-121.0,0.42592592592592593
2024,PHI,95,67,784.0,671.0,198.0,1370.0,3.86,85.0,3363712.0,113.0,0.5864197530864198
2024,PIT,76,86,665.0,739.0,160.0,1506.0,4.17,91.0,1720361.0,-74.0,0.4691358024691358
2024,SDN,93,69,760.0,669.0,190.0,1077.0,3.86,75.0,3330545.0,91.0,0.5740740740740741
2024,SEA,85,77,676.0,607.0,185.0,1625.0,3.49,79.0,2555813.0,69.0,0.5246913580246914
2024,SFN,80,82,693.0,699.0,177.0,1452.0,4.1,87.0,2647736.0,-6.0,0.49382716049382713
2024,SLN,83,79,672.0,719.0,165.0,1318.0,4.06,75.0,2878115.0,-47.0,0.5123456790123457
2024,TBA,80,82,604.0,663.0,147.0,1485.0,3.78,90.0,1337739.0,-59.0,0.49382716049382713
2024,TEX,78,84,683.0,738.0,176.0,1284.0,4.37,73.0,2651553.0,-55.0,0.48148148148148145
2024,TOR,74,88,671.0,743.0,156.0,1233.0,4.29,92.0,2681236.0,-72.0,0.4567901234567901
2024,WAS,71,91,660.0,764.0,135.0,1220.0,4.3,109.0,1967302.0,-104.0,0.4382716049382716
2025,ARI,80,82,791.0,785.0,214.0,1316.0,4.49,84.0,2393973.0,6.0,0.49382716049382713
2025,ATH,76,86,733.0,817.0,219.0,1406.0,4.71,88.0,768464.0,-84.0,0.4691358024691358
2025,ATL,76,86,724.0,734.0,190.0,1371.0,4.36,54.0,2903167.0,-10.0,0.4691358024691358
2025,BAL,75,87,677.0,788.0,191.0,1457.0,4.62,88.0,1803655.0,-111.0,0.46296296296296297
2025,BOS,89,73,786.0,676.0,186.0,1419.0,3.72,116.0,2776496.0,110.0,0.5493827160493827
2025,CHA,60,102,647.0,742.0,165.0,1364.0,4.28,100.0,1445738.0,-95.0,0.37037037037037035
2025,CHN,92,70,793.0,649.0,223.0,1277.0,3.81,60.0,3017983.0,144.0,0.5679012345679012
2025,CIN,83,79,716.0,681.0,167.0,1415.0,3.86,87.0,2170963.0,35.0,0.5123456790123457
2025,CLE,88,74,643.0,649.0,168.0,1344.0,3.7,99.0,2051360.0,-6.0,0.5432098765432098
2025,COL,43,119,597.0,1021.0,160.0,1531.0,5.99,110.0,2404613.0,-424.0,0.2654320987654321
2025,DET,87,75,758.0,691.0,198.0,1454.0,3.97,79.0,2413442.0,67.0,0.5370370370370371
2025,HOU,87,75,686.0,665.0,182.0,1301.0,3.86,70.0,2727877.0,21.0,0.5370370370370371
2025,KCA,82,80,651.0,637.0,159.0,1096.0,3.73,62.0,1748801.0,14.0,0.5061728395061729
2025,LAA,72,90,673.0,837.0,226.0,1627.0,4.89,97.0,2615506.0,-164.0,0.4444444444444444
2025,LAN,93,69,825.0,683.0,244.0,1353.0,3.95,68.0,4012470.0,142.0,0.5740740740740741
2025,MIA,79,83,709.0,798.0,154.0,1247.0,4.6,85.0,1156777.0,-89.0,0.4876543209876543
2025,MIL,97,65,806.0,634.0,166.0,1266.0,3.59,76.0,2650089.0,172.0,0.5987654320987654
2025,MIN,70,92,678.0,773.0,191.0,1372.0,4.55,85.0,1768728.0,-95.0,0.43209876543209874
2025,NYA,94,68,849.0,685.0,274.0,1463.0,3.91,94.0,3392659.0,164.0,0.5802469135802469
2025,NYN,83,79,766.0,715.0,224.0,1325.0,4.04,79.0,3184570.0,51.0,0.5123456790123457
2025,PHI,96,66,778.0,648.0,212.0,1337.0,3.79,62.0,3375457.0,130.0,0.5925925925925926
2025,PIT,71,91,583.0,645.0,117.0,1422.0,3.76,77.0,1525025.0,-62.0,0.4382716049382716
2025,SDN,90,72,702.0,621.0,152.0,1161.0,3.64,74.0,3437201.0,81.0,0.5555555555555556
2025,SEA,90,72,766.0,694.0,238.0,1446.0,3.87,69.0,2538053.0,72.0,0.5555555555555556
2025,SFN,81,81,705.0,684.0,173.0,1380.0,3.84,96.0,2925823.0,21.0,0.5
2025,SLN,78,84,689.0,754.0,148.0,1321.0,4.3,80.0,2250007.0,-65.0,0.48148148148148145
2025,TBA,77,85,714.0,683.0,182.0,1397.0,3.94,81.0,786750.0,31.0,0.47530864197530864
2025,TEX,81,81,684.0,605.0,175.0,1327.0,3.49,51.0,2397071.0,79.0,0.5
2025,TOR,94,68,798.0,721.0,191.0,1099.0,4.19,86.0,2849935.0,77.0,0.5802469135802469
2025,WAS,66,96,687.0,899.0,161.0,1351.0,5.35,94.0,1916768.0,-212.0,0.4074074074074074
