yearID,teamID,payroll,W,L,WSWin,win_percentage,cost_per_win,predicted_wins,difference
1985,ATL,14807000,66,96,N,0.4074074074074074,224348.48484848486,76.75984930327795,-10.759849303277946
1985,BAL,11560712,83,78,N,0.515527950310559,139285.68674698795,76.52869595277166,6.471304047228344
1985,BOS,10897560,81,81,N,0.5,134537.77777777778,76.48147592586864,4.5185240741313635
1985,CAL,14427894,90,72,N,0.5555555555555556,160309.93333333332,76.7328548954814,13.267145104518605
1985,CHA,9846178,85,77,N,0.5246913580246914,115837.38823529411,76.40661181277639,8.59338818722361
1985,CHN,12702917,77,84,N,0.4782608695652174,164972.94805194804,76.61002715712415,0.3899728428758493
1985,CIN,8359917,89,72,N,0.5527950310559007,93931.65168539326,76.30078195113848,12.699218048861525
1985,CLE,6551666,60,102,N,0.37037037037037035,109194.43333333333,76.17202465135288,-16.172024651352885
1985,DET,10348143,84,77,N,0.5217391304347826,123192.17857142857,76.44235444916197,7.557645550838032
1985,HOU,9993051,83,79,N,0.5123456790123457,120398.2048192771,76.41706996869137,6.582930031308635
1985,KCA,9321179,91,71,Y,0.5617283950617284,102430.53846153847,76.36922903039157,14.630770969608434
1985,LAN,10967917,95,67,N,0.5864197530864198,115451.75789473685,76.48648572668777,18.513514273312225
1985,MIN,5764821,77,85,N,0.47530864197530864,74867.8051948052,76.11599701052769,0.8840029894723074
1985,ML4,11284107,71,90,N,0.4409937888198758,158931.08450704225,76.50900017331007,-5.509000173310071
1985,MON,9470166,84,77,N,0.5217391304347826,112740.07142857143,76.379837714597,7.620162285402998
1985,NYA,14238204,97,64,N,0.6024844720496895,146785.60824742267,76.71934793643847,20.280652063561533
1985,NYN,10834762,98,64,N,0.6049382716049383,110558.79591836735,76.47700436693576,21.52299563306424
1985,OAK,9058606,77,85,N,0.47530864197530864,117644.23376623377,76.35053240559965,0.649467594400349
1985,PHI,10124966,75,87,N,0.46296296296296297,134999.54666666666,76.42646303370347,-1.4264630337034703
1985,PIT,9227500,57,104,N,0.35403726708074534,161885.9649122807,76.36255857640779,-19.362558576407793
1985,SDN,11036583,83,79,N,0.5123456790123457,132970.8795180723,76.49137511911565,6.508624880884355
1985,SEA,4613000,74,88,N,0.4567901234567901,62337.83783783784,76.03398109470831,-2.0339810947083095
1985,SFN,8221714,62,100,N,0.38271604938271603,132608.29032258064,76.2909411463485,-14.290941146348501
1985,SLN,11817083,101,61,N,0.6234567901234568,117000.82178217822,76.54695096145315,24.45304903854685
1985,TEX,7676500,62,99,N,0.38509316770186336,123814.51612903226,76.25211894608687,-14.252118946086867
1985,TOR,8812550,99,62,N,0.6149068322981367,89015.65656565657,76.33301188098442,22.666988119015585
1986,ATL,17102786,72,89,N,0.4472049689440994,237538.69444444444,76.92332174501615,-4.923321745016153
1986,BAL,13001258,73,89,N,0.4506172839506173,178099.42465753425,76.6312706579298,-3.6312706579298037
1986,BOS,14402239,95,66,N,0.5900621118012422,151602.5157894737,76.73102812003596,18.26897187996404
1986,CAL,14427258,92,70,N,0.5679012345679012,156818.02173913043,76.73280960882448,15.267190391175518
1986,CHA,10418819,72,90,N,0.4444444444444444,144705.81944444444,76.44738696451502,-4.447386964515019
1986,CHN,17208165,70,90,N,0.4375,245830.92857142858,76.93082530259422,-6.930825302594215
1986,CIN,11906388,86,76,N,0.5308641975308642,138446.37209302327,76.55330996286244,9.446690037137557
1986,CLE,7809500,84,78,N,0.5185185185185185,92970.23809523809,76.2615892689964,7.738410731003597
1986,DET,12335714,87,75,N,0.5370370370370371,141789.816091954,76.58388030762528,10.416119692374721
1986,HOU,9873276,96,66,N,0.5925925925925926,102846.625,76.40854133766513,19.591458662334873
1986,KCA,13043698,76,86,N,0.4691358024691358,171627.6052631579,76.6342926166086,-0.6342926166086045
1986,LAN,14913776,73,89,N,0.4506172839506173,204298.301369863,76.76745233484928,-3.767452334849281
1986,MIN,8748167,71,91,N,0.4382716049382716,123213.61971830986,76.3284274614364,-5.328427461436405
1986,ML4,9943642,77,84,N,0.4782608695652174,129138.20779220779,76.41355177933319,0.58644822066681
1986,MON,11103600,78,83,N,0.484472049689441,142353.84615384616,76.49614709378051,1.5038529062194925
1986,NYA,18494253,90,72,N,0.5555555555555556,205491.7,77.0224017586098,12.977598241390197
1986,NYN,15393714,108,54,Y,0.6666666666666666,142534.38888888888,76.80162652910909,31.198373470890914
1986,OAK,9779421,76,86,N,0.4691358024691358,128676.59210526316,76.40185835152472,-0.40185835152472293
1986,PHI,11590166,86,75,N,0.5341614906832298,134769.37209302327,76.53079323766622,9.469206762333783
1986,PIT,10843500,64,98,N,0.3950617283950617,169429.6875,76.47762656003037,-12.477626560030373
1986,SDN,11380693,74,88,N,0.4567901234567901,153793.14864864864,76.51587762149458,-2.5158776214945817
1986,SEA,5958309,67,95,N,0.41358024691358025,88929.98507462686,76.12977440781431,-9.12977440781431
1986,SFN,8947000,83,79,N,0.5123456790123457,107795.18072289157,76.34258545177529,6.657414548224708
1986,SLN,9875010,79,82,N,0.4906832298136646,125000.12658227848,76.40866480789013,2.5913351921098666
1986,TEX,6743119,87,75,N,0.5370370370370371,77507.11494252873,76.18565714557845,10.814342854421554
1986,TOR,12611047,86,76,N,0.5308641975308642,146640.08139534883,76.60348551377302,9.396514486226977
1987,ATL,16544560,69,92,N,0.42857142857142855,239776.23188405798,76.88357301962895,-7.883573019628955
1987,BAL,13900273,67,95,N,0.41358024691358025,207466.76119402985,76.69528541244493,-9.695285412444932
1987,BOS,10144167,78,84,N,0.48148148148148145,130053.42307692308,76.42783024926878,1.57216975073122
1987,CAL,12843499,75,87,N,0.46296296296296297,171246.65333333332,76.62003735964495,-1.6200373596449538
1987,CHA,10641843,77,85,N,0.47530864197530864,138205.75324675324,76.46326748554189,0.5367325144581088
1987,CHN,14307999,76,85,N,0.4720496894409938,188263.1447368421,76.72431771980291,-0.7243177198029116
1987,CIN,9281500,84,78,N,0.5185185185185185,110494.04761904762,76.36640366991993,7.633596330080067
1987,CLE,8513750,61,101,N,0.3765432098765432,139569.67213114753,76.3117356968839,-15.3117356968839
1987,DET,12122881,98,64,N,0.6049382716049383,123702.86734693877,76.56872544119067,21.431274558809335
1987,HOU,12608371,76,86,N,0.4691358024691358,165899.61842105264,76.60329496802787,-0.6032949680278676
1987,KCA,11828056,83,79,N,0.5123456790123457,142506.6987951807,76.5477322986959,6.452267701304095
1987,LAN,13675403,73,89,N,0.4506172839506173,187334.2876712329,76.67927344618428,-3.6792734461842826
1987,MIN,6397500,85,77,Y,0.5246913580246914,75264.70588235294,76.16104719419747,8.838952805802535
1987,ML4,7293224,91,71,N,0.5617283950617284,80145.31868131868,76.22482761162466,14.775172388375339
1987,MON,6942052,91,71,N,0.5617283950617284,76286.28571428571,76.19982225646086,14.800177743539138
1987,NYA,17099714,89,73,N,0.5493827160493827,192131.61797752808,76.92310300191856,12.076896998081438
1987,NYN,13846714,92,70,N,0.5679012345679012,150507.76086956522,76.6914717205298,15.308528279470195
1987,OAK,11680839,81,81,N,0.5,144207.88888888888,76.53724964811116,4.462750351888843
1987,PHI,11514233,80,82,N,0.49382716049382713,143927.9125,76.52538639533923,3.4746136046607745
1987,PIT,7652000,80,82,N,0.49382716049382713,95650.0,76.25037441291933,3.749625587080672
1987,SDN,11065796,65,97,N,0.4012345679012346,170243.0153846154,76.49345524350028,-11.493455243500279
1987,SEA,2263500,78,84,N,0.48148148148148145,29019.23076923077,75.8666839242125,2.133316075787505
1987,SFN,7290000,90,72,N,0.5555555555555556,81000.0,76.22459804530091,13.775401954699092
1987,SLN,11758000,95,67,N,0.5864197530864198,123768.42105263157,76.54274393071282,18.457256069287183
1987,TEX,880000,75,87,N,0.46296296296296297,11733.333333333334,75.76817120432274,-0.7681712043227407
1987,TOR,10479501,96,66,N,0.5925925925925926,109161.46875,76.45170785274657,19.548292147253434
1988,ATL,12728174,54,106,N,0.3375,235706.92592592593,76.6118255928063,-22.611825592806298
1988,BAL,13532075,54,107,N,0.33540372670807456,250593.9814814815,76.66906771353784,-22.669067713537842
1988,BOS,13896092,89,73,N,0.5493827160493827,156135.8651685393,76.69498770251948,12.305012297480516
1988,CAL,11947388,75,87,N,0.46296296296296297,159298.50666666665,76.55622938571426,-1.5562293857142606
1988,CHA,6390000,71,90,N,0.4409937888198758,90000.0,76.16051315343189,-5.160513153431893
1988,CHN,13119198,77,85,N,0.47530864197530864,170379.1948051948,76.63966862698206,0.36033137301794227
1988,CIN,8888409,87,74,N,0.5403726708074534,102165.62068965517,76.33841345410917,10.661586545890827
1988,CLE,8936500,78,84,N,0.48148148148148145,114570.51282051283,76.34183779470348,1.6581622052965201
1988,DET,12869571,88,74,N,0.5432098765432098,146245.125,76.62189382775696,11.378106172243037
1988,HOU,12286167,82,80,N,0.5061728395061729,149831.30487804877,76.58035229191702,5.419647708082977
1988,KCA,14556562,84,77,N,0.5217391304347826,173292.40476190476,76.74201675644473,7.257983243555273
1988,LAN,16850515,94,67,Y,0.5838509316770186,179260.79787234042,76.90535867861983,17.094641321380166
1988,MIN,12462666,91,71,N,0.5617283950617284,136952.37362637362,76.59291998006145,14.407080019938547
1988,ML4,8402000,87,75,N,0.5370370370370371,96574.71264367815,76.30377848947683,10.696221510523173
1988,MON,9603333,81,81,N,0.5,118559.66666666667,76.38931992881425,4.6106800711857545
1988,NYA,19441152,85,76,N,0.5279503105590062,228719.43529411763,77.08982611419411,7.910173885805889
1988,NYN,15269314,100,60,N,0.625,152693.14,76.79276857294408,23.207231427055916
1988,OAK,9690000,104,58,N,0.6419753086419753,93173.07692307692,76.39549109028492,27.60450890971508
1988,PHI,13838000,65,96,N,0.40372670807453415,212892.3076923077,76.69085123636565,-11.690851236365646
1988,PIT,5998500,85,75,N,0.53125,70570.58823529411,76.13263622546887,8.867363774531128
1988,SDN,9561002,83,78,N,0.515527950310559,115192.7951807229,76.3863057315279,6.613694268472102
1988,SEA,7342450,68,93,N,0.422360248447205,107977.20588235294,76.22833277038815,-8.22833277038815
1988,SFN,12380000,83,79,N,0.5123456790123457,149156.6265060241,76.58703371153786,6.412966288462144
1988,SLN,12880000,76,86,N,0.4691358024691358,169473.68421052632,76.62263642924286,-0.6226364292428599
1988,TEX,5342131,70,91,N,0.43478260869565216,76316.15714285715,76.08589918503424,-6.085899185034236
1988,TOR,12241225,87,75,N,0.5370370370370371,140703.7356321839,76.57715217723883,10.42284782276117
1989,ATL,11112334,63,97,N,0.39375,176386.25396825396,76.49676900205338,-13.496769002053384
1989,BAL,8275167,87,75,N,0.5370370370370371,95116.86206896552,76.29474729048748,10.705252709512521
1989,BOS,17481748,83,79,N,0.5123456790123457,210623.46987951806,76.95030589922999,6.049694100770012
1989,CAL,15097833,91,71,N,0.5617283950617284,165910.25274725276,76.78055819367454,14.219441806325463
1989,CHA,7265410,69,92,N,0.42857142857142855,105295.79710144928,76.22284710364417,-7.22284710364417
1989,CHN,10668000,93,69,N,0.5740740740740741,114709.67741935483,76.46513000611591,16.534869993884087
1989,CIN,11072000,75,87,N,0.46296296296296297,147626.66666666666,76.49389700202155,-1.493897002021555
1989,CLE,9094500,73,89,N,0.4506172839506173,124582.19178082192,76.35308825349826,-3.3530882534982567
1989,DET,15146404,59,103,N,0.36419753086419754,256718.71186440677,76.78401671287784,-17.784016712877843
1989,HOU,15029500,86,76,N,0.5308641975308642,174761.62790697673,76.77569251265668,9.224307487343324
1989,KCA,18683568,92,70,N,0.5679012345679012,203082.26086956522,77.03588201561445,14.964117984385553
1989,LAN,21071562,77,83,N,0.48125,273656.6493506493,77.20592016814095,-0.20592016814094904
1989,MIN,15531666,80,82,N,0.49382716049382713,194145.825,76.81144946133477,3.1885505386652255
1989,ML4,11533000,81,81,N,0.5,142382.71604938273,76.52672270774558,4.473277292254423
1989,MON,13807389,81,81,N,0.5,170461.59259259258,76.6886715667823,4.311328433217696
1989,NYA,17114375,74,87,N,0.45962732919254656,231275.33783783784,76.92414694480712,-2.92414694480712
1989,NYN,19885071,87,75,N,0.5370370370370371,228564.0344827586,77.12143555987589,9.878564440124109
1989,OAK,15613070,99,63,Y,0.6111111111111112,157707.77777777778,76.81724586859889,22.18275413140111
1989,PHI,10604000,67,95,N,0.41358024691358025,158268.6567164179,76.46057285824968,-9.460572858249677
1989,PIT,12737500,74,88,N,0.4567901234567901,172128.37837837837,76.61248965469693,-2.6124896546969296
1989,SDN,14195000,89,73,N,0.5493827160493827,159494.38202247192,76.71627157680702,12.283728423192983
1989,SEA,9779500,73,89,N,0.4506172839506173,133965.75342465754,76.40186397675411,-3.4018639767541146
1989,SFN,14962834,92,70,N,0.5679012345679012,162639.5,76.77094553109963,15.229054468900372
1989,SLN,16078833,86,76,N,0.5308641975308642,186963.17441860464,76.85041072581176,9.149589274188244
1989,TEX,11893781,83,79,N,0.5123456790123457,143298.56626506025,76.55241227593822,6.447587724061776
1989,TOR,16261666,89,73,N,0.5493827160493827,182715.34831460673,76.86342942918408,12.13657057081592
1990,ATL,14555501,65,97,N,0.4012345679012346,223930.78461538462,76.74194120747777,-11.741941207477765
1990,BAL,9680084,76,85,N,0.4720496894409938,127369.52631578948,76.3947850171874,-0.39478501718740233
1990,BOS,20558333,88,74,N,0.5432098765432098,233617.42045454544,77.1693754737309,10.830624526269105
1990,CAL,21720000,80,82,N,0.49382716049382713,271500.0,77.25209247826734,2.7479075217326567
1990,CHA,9491500,94,68,N,0.5802469135802469,100973.40425531915,76.38135681135604,17.618643188643958
1990,CHN,13624000,77,85,N,0.47530864197530864,176935.06493506493,76.6756132731879,0.3243867268120937
1990,CIN,14370000,91,71,Y,0.5617283950617284,157912.0879120879,76.72873252800377,14.271267471996225
1990,CLE,14487000,77,85,N,0.47530864197530864,188142.85714285713,76.73706356394673,0.2629364360532662
1990,DET,17593238,79,83,N,0.4876543209876543,222699.21518987342,76.95824459322385,2.041755406776147
1990,HOU,18330000,75,87,N,0.46296296296296297,244400.0,77.0107060522274,-2.0107060522274054
1990,KCA,23361084,75,86,N,0.4658385093167702,311481.12,77.36894657903174,-2.3689465790317428
1990,LAN,21318704,86,76,N,0.5308641975308642,247891.90697674418,77.22351802185905,8.77648197814095
1990,MIN,14602000,74,88,N,0.4567901234567901,197324.32432432432,76.74525218901888,-2.745252189018885
1990,ML4,19719167,74,88,N,0.4567901234567901,266475.2297297297,77.10962229331962,-3.1096222933196174
1990,MON,16586388,85,77,N,0.5246913580246914,195133.97647058824,76.88655140058128,8.113448599418717
1990,NYA,20912318,67,95,N,0.41358024691358025,312124.14925373136,77.19458112978451,-10.19458112978451
1990,NYN,21722834,91,71,N,0.5617283950617284,238712.46153846153,77.2522942744713,13.747705725528704
1990,OAK,19887501,103,59,N,0.6358024691358025,193082.53398058252,77.12160858908393,25.878391410916066
1990,PHI,13173667,77,85,N,0.47530864197530864,171086.58441558442,76.6435471158434,0.35645288415659593
1990,PIT,15556000,95,67,N,0.5864197530864198,163747.36842105264,76.81318217440004,18.18681782559996
1990,SDN,17588334,75,87,N,0.46296296296296297,234511.12,76.95789540176861,-1.95789540176861
1990,SEA,12553667,77,85,N,0.47530864197530864,163034.63636363635,76.5993997458892,0.4006002541107989
1990,SFN,19335333,85,77,N,0.5246913580246914,227474.50588235294,77.08229122622446,7.917708773775544
1990,SLN,20523334,70,92,N,0.43209876543209874,293190.4857142857,77.16688335469698,-7.166883354696978
1990,TEX,14874372,83,79,N,0.5123456790123457,179209.3012048193,76.76464655587239,6.235353444127611
1990,TOR,17756834,86,76,N,0.5308641975308642,206474.81395348837,76.9698935176352,9.0301064823648
1991,ATL,18403500,94,68,N,0.5802469135802469,195781.914893617,77.01593965173004,16.984060348269963
1991,BAL,17519000,67,95,N,0.41358024691358025,261477.61194029852,76.95295844410988,-9.952958444109882
1991,BOS,35167500,84,78,N,0.5185185185185185,418660.71428571426,78.20962757094344,5.790372429056561
1991,CAL,33060001,81,81,N,0.5,408148.16049382713,78.05956218702228,2.94043781297772
1991,CHA,16919667,87,75,N,0.5370370370370371,194478.93103448275,76.9102826768893,10.089717323110705
1991,CHN,23175667,77,83,N,0.48125,300982.6883116883,77.35574388081432,-0.35574388081431607
1991,CIN,26305333,74,88,N,0.4567901234567901,355477.47297297296,77.57859311103222,-3.5785931110322196
1991,CLE,17635000,57,105,N,0.35185185185185186,309385.9649122807,76.96121827461745,-19.96121827461745
1991,DET,23838333,84,78,N,0.5185185185185185,283789.6785714286,77.40292930187573,6.59707069812427
1991,HOU,12852500,65,97,N,0.4012345679012346,197730.76923076922,76.62067827976908,-11.62067827976908
1991,KCA,26319834,82,80,N,0.5061728395061729,320973.5853658537,77.57962566105111,4.420374338948889
1991,LAN,32790664,93,69,N,0.5740740740740741,352587.7849462366,78.04038392866525,14.95961607133475
1991,MIN,23361833,95,67,Y,0.5864197530864198,245914.03157894738,77.36899991190286,17.63100008809714
1991,ML4,23115500,83,79,N,0.5123456790123457,278500.0,77.351459663382,5.648540336617998
1991,MON,10732333,71,90,N,0.4409937888198758,151159.61971830987,76.46971086539214,-5.469710865392145
1991,NYA,27344168,71,91,N,0.4382716049382716,385129.1267605634,77.65256380952638,-6.652563809526384
1991,NYN,32590001,77,84,N,0.4782608695652174,423246.7662337662,78.02609563237958,-1.0260956323795796
1991,OAK,36999167,84,78,N,0.5185185185185185,440466.2738095238,78.34005221720459,5.659947782795413
1991,PHI,22487332,78,84,N,0.48148148148148145,288299.1282051282,77.30673068743137,0.6932693125686313
1991,PIT,23634667,98,64,N,0.6049382716049383,241170.07142857142,77.38842717566752,20.611572824332484
1991,SDN,22150001,84,78,N,0.5185185185185185,263690.4880952381,77.28271088669908,6.717289113300922
1991,SEA,15691833,83,79,N,0.5123456790123457,189058.22891566265,76.82285422230808,6.177145777691919
1991,SFN,30967666,75,87,N,0.46296296296296297,412902.2133333333,77.91057656232368,-2.9105765623236834
1991,SLN,21860001,84,78,N,0.5185185185185185,260238.10714285713,77.26206131043017,6.73793868956983
1991,TEX,18224500,85,77,N,0.5246913580246914,214405.88235294117,77.00319387879165,7.996806121208351
1991,TOR,19902417,91,71,N,0.5617283950617284,218707.8791208791,77.1226706893585,13.8773293106415
1992,ATL,34625333,98,64,N,0.6049382716049383,353319.7244897959,78.1710223336435,19.828977666356494
1992,BAL,23780667,89,73,N,0.5493827160493827,267198.5056179775,77.39882316923737,11.601176830762626
1992,BOS,43610584,73,89,N,0.4506172839506173,597405.2602739726,78.81082104336673,-5.8108210433667296
1992,CAL,34749334,72,90,N,0.4444444444444444,482629.6388888889,78.17985187883978,-6.179851878839784
1992,CHA,30160833,86,76,N,0.5308641975308642,350707.3604651163,77.85312566725551,8.146874332744488
1992,CHN,29829686,78,84,N,0.48148148148148145,382431.8717948718,77.8295462009358,0.1704537990642052
1992,CIN,35931499,90,72,N,0.5555555555555556,399238.8777777778,78.26402845239126,11.735971547608742
1992,CLE,9373044,76,86,N,0.4691358024691358,123329.52631578948,76.3729221002991,-0.3729221002991068
1992,DET,27322834,75,87,N,0.46296296296296297,364304.4533333333,77.65104471276734,-2.6510447127673444
1992,HOU,15407500,81,81,N,0.5,190216.04938271604,76.80260816724166,4.197391832758342
1992,KCA,33893834,72,90,N,0.4444444444444444,470747.69444444444,78.11893562884651,-6.118935628846515
1992,LAN,44788166,63,99,N,0.3888888888888889,710923.2698412698,78.89467128240771,-15.894671282407714
1992,MIN,28027834,90,72,N,0.5555555555555556,311420.3777777778,77.7012445447314,12.298755455268605
1992,ML4,31013667,92,70,N,0.5679012345679012,337105.07608695654,77.91385208355797,14.08614791644203
1992,MON,15822334,87,75,N,0.5370370370370371,181865.908045977,76.83214660283453,10.167853397165473
1992,NYA,37543334,76,86,N,0.4691358024691358,493991.2368421053,78.37879986537534,-2.378799865375342
1992,NYN,44602002,72,90,N,0.4444444444444444,619472.25,78.88141539373005,-6.881415393730052
1992,OAK,41035000,96,66,N,0.5925925925925926,427447.9166666667,78.62742546321167,17.372574536788335
1992,PHI,24383834,70,92,N,0.43209876543209874,348340.4857142857,77.44177193809733,-7.441771938097332
1992,PIT,33944167,96,66,N,0.5925925925925926,353585.0729166667,78.122519612027,17.877480387972994
1992,SDN,26854167,82,80,N,0.5061728395061729,327489.84146341466,77.61767307497004,4.3823269250299575
1992,SEA,23179833,64,98,N,0.3950617283950617,362184.890625,77.35604052265823,-13.356040522658233
1992,SFN,33163168,72,90,N,0.4444444444444444,460599.55555555556,78.06690823817722,-6.06690823817722
1992,SLN,27583836,83,79,N,0.5123456790123457,332335.3734939759,77.66962947382022,5.330370526179777
1992,TEX,30128167,77,85,N,0.47530864197530864,391274.8961038961,77.85079967050241,-0.8507996705024112
1992,TOR,44788666,96,66,Y,0.5925925925925926,466548.6041666667,78.89470688512542,17.105293114874584
1993,ATL,41641417,104,58,N,0.6419753086419753,400398.2403846154,78.6706056497367,25.3293943502633
1993,BAL,29096500,85,77,N,0.5246913580246914,342311.76470588235,77.77733937256927,7.222660627430727
1993,BOS,37120583,80,82,N,0.49382716049382713,464007.2875,78.34869769635033,1.651302303649672
1993,CAL,28588334,71,91,N,0.4382716049382716,402652.59154929576,77.74115519127871,-6.7411551912787075
1993,CHA,39696166,94,68,N,0.5802469135802469,422299.6382978723,78.53209320529994,15.467906794700056
1993,CHN,39386666,84,78,N,0.5185185185185185,468888.88095238095,78.51005512304054,5.489944876959456
1993,CIN,44879666,73,89,N,0.4506172839506173,614789.9452054794,78.90118657974773,-5.90118657974773
1993,CLE,18561000,76,86,N,0.4691358024691358,244223.68421052632,77.02715450780711,-1.0271545078071114
1993,COL,10353500,67,95,N,0.41358024691358025,154529.85074626867,76.44273589667947,-9.442735896679466
1993,DET,38150165,85,77,N,0.5246913580246914,448825.4705882353,78.42200953095063,6.577990469049368
1993,FLO,19330545,64,98,N,0.3950617283950617,302039.765625,77.08195029459971,-13.081950294599707
1993,HOU,30210500,85,77,N,0.5246913580246914,355417.64705882355,77.85666222761603,7.143337772383973
1993,KCA,41346167,84,78,N,0.5185185185185185,492216.2738095238,78.64958224493189,5.350417755068108
1993,LAN,39331999,81,81,N,0.5,485580.23456790124,78.506162535503,2.4938374644970054
1993,MIN,28217933,71,91,N,0.4382716049382716,397435.676056338,77.7147806267974,-6.714780626797406
1993,ML4,23806834,69,93,N,0.42592592592592593,345026.5797101449,77.40068640186576,-8.400686401865755
1993,MON,18899333,94,68,N,0.5802469135802469,201056.7340425532,77.05124565638569,16.94875434361431
1993,NYA,42974900,88,74,N,0.5432098765432098,488351.13636363635,78.76555688736354,9.234443112636455
1993,NYN,39043667,59,103,N,0.36419753086419754,661757.0677966102,78.48563172990035,-19.485631729900348
1993,OAK,37812333,68,94,N,0.41975308641975306,556063.7205882353,78.3979540562952,-10.397954056295205
1993,PHI,28538334,97,65,N,0.5987654320987654,294209.6288659794,77.73759491950821,19.26240508049179
1993,PIT,24822467,75,87,N,0.46296296296296297,330966.2266666667,77.47300499184752,-2.4730049918475174
1993,SDN,25511333,61,101,N,0.3765432098765432,418218.5737704918,77.52205599531668,-16.522055995316677
1993,SEA,32696333,82,80,N,0.5061728395061729,398735.76829268294,78.0336670487376,3.9663329512624017
1993,SFN,35050000,103,59,N,0.6358024691358025,340291.2621359223,78.20126093228276,24.798739067717236
1993,SLN,23367334,87,75,N,0.5370370370370371,268590.0459770115,77.36939161300305,9.630608386996954
1993,TEX,36376959,86,76,N,0.5308641975308642,422987.8953488372,78.295747625649,7.704252374351
1993,TOR,47279166,95,67,Y,0.5864197530864198,497675.43157894735,79.07204402201405,15.927955977985945
1994,ATL,49383513,68,46,,0.5964912280701754,726228.1323529412,79.2218849664028,-11.221884966402797
1994,BAL,38849769,63,49,,0.5625,616663.0,78.47182513838523,-15.471825138385228
1994,BOS,37859084,54,61,,0.46956521739130436,701094.1481481482,78.40128298160606,-24.40128298160606
1994,CAL,25156218,47,68,,0.40869565217391307,535238.6808510638,77.49676987712105,-30.496769877121054
1994,CHA,39183836,67,46,,0.5929203539823009,584833.3731343284,78.49561252457633,-11.49561252457633
1994,CHN,36287333,49,64,,0.4336283185840708,740557.8163265307,78.28936576729494,-29.28936576729494
1994,CIN,40961833,66,48,,0.5789473684210527,620633.8333333334,78.62221557511903,-12.622215575119029
1994,CLE,30490500,66,47,,0.584070796460177,461977.2727272727,77.87659974953083,-11.876599749530826
1994,COL,23887333,53,64,,0.452991452991453,450704.3962264151,77.40641836821082,-24.406418368210822
1994,DET,41446501,53,62,,0.4608695652173913,782009.4528301887,78.65672657108833,-25.656726571088328
1994,FLO,21633000,51,64,,0.4434782608695652,424176.4705882353,77.24589760538667,-26.245897605386673
1994,HOU,33126000,66,49,,0.5739130434782609,501909.0909090909,78.0642616745539,-12.064261674553904
1994,KCA,40541334,64,51,,0.5565217391304348,633458.34375,78.59227376073456,-14.592273760734557
1994,LAN,38000001,58,56,,0.5087719298245614,655172.4310344828,78.41131703794773,-20.411317037947725
1994,MIN,28438500,53,60,,0.4690265486725664,536575.4716981133,77.73048619606949,-24.730486196069492
1994,ML4,24350500,53,62,,0.4608695652173913,459443.3962264151,77.43939837611337,-24.439398376113374
1994,MON,19098000,74,40,,0.6491228070175439,258081.0810810811,77.06539182662229,-3.065391826622289
1994,NYA,45731334,70,43,,0.6194690265486725,653304.7714285714,78.9618299705125,-8.961829970512497
1994,NYN,30956583,55,58,,0.48672566371681414,562846.9636363636,77.90978739248303,-22.909787392483025
1994,OAK,34172500,51,63,,0.4473684210526316,670049.0196078431,78.13877816271048,-27.13877816271048
1994,PHI,31599000,54,61,,0.46956521739130436,585166.6666666666,77.95553097468282,-23.955530974682816
1994,PIT,24217250,53,61,,0.4649122807017544,456929.24528301886,77.42991025184499,-24.429910251844987
1994,SDN,14916333,47,70,,0.4017094017094017,317368.78723404254,76.76763440714763,-29.767634407147625
1994,SEA,29228500,49,63,,0.4375,596500.0,77.78673849004339,-28.78673849004339
1994,SFN,42638666,55,60,,0.4782608695652174,775248.4727272728,78.7416151989939,-23.741615198993898
1994,SLN,29275601,53,61,,0.4649122807017544,552369.8301886793,77.79009233725664,-24.790092337256638
1994,TEX,32973597,52,62,,0.45614035087719296,634107.6346153846,78.05340975258112,-26.053409752581118
1994,TOR,43433668,55,60,,0.4782608695652174,789703.0545454546,78.79822366255573,-23.798223662555728
1995,ATL,47235445,90,54,Y,0.625,524838.2777777778,79.06893084917249,10.931069150827511
1995,BAL,43942521,71,73,N,0.4930555555555556,618908.7464788732,78.83445676198042,-7.8344567619804195
1995,BOS,32455518,86,58,N,0.5972222222222222,377389.74418604653,78.01651971180934,7.983480288190663
1995,CAL,31223171,78,67,N,0.5379310344827586,400297.0641025641,77.92876990709811,0.0712300929018852
1995,CHA,46961282,68,76,N,0.4722222222222222,690607.0882352941,79.04940895338417,-11.049408953384173
1995,CHN,29505834,73,71,N,0.5069444444444444,404189.5068493151,77.80648617826739,-4.8064861782673916
1995,CIN,43144670,85,59,N,0.5902777777777778,507584.35294117645,78.7776454341331,6.222354565866894
1995,CLE,37937835,100,44,N,0.6944444444444444,379378.35,78.40689048085002,21.593109519149976
1995,COL,34154717,77,67,N,0.5347222222222222,443567.75324675324,78.13751191645258,-1.1375119164525813
1995,DET,37044168,60,84,N,0.4166666666666667,617402.8,78.34325653300347,-18.34325653300347
1995,FLO,24515781,67,76,N,0.46853146853146854,365907.17910447763,77.45116728168337,-10.451167281683368
1995,HOU,34169834,76,68,N,0.5277777777777778,449603.0789473684,78.13858832901968,-2.138588329019683
1995,KCA,29532834,70,74,N,0.4861111111111111,421897.6285714286,77.80840872502347,-7.808408725023469
1995,LAN,39273201,78,66,N,0.5416666666666666,503502.57692307694,78.50197579831175,-0.5019757983117472
1995,MIN,25410500,56,88,N,0.3888888888888889,453758.9285714286,77.51487613764797,-21.514876137647974
1995,ML4,17798825,65,79,N,0.4513888888888889,273828.07692307694,76.9728835050735,-11.972883505073497
1995,MON,12364000,66,78,N,0.4583333333333333,187333.33333333334,76.5858944245713,-10.585894424571293
1995,NYA,48874851,79,65,N,0.5486111111111112,618669.0,79.18566546721627,-0.18566546721626764
1995,NYN,27674992,69,75,N,0.4791666666666667,401086.84057971014,77.67612027649047,-8.676120276490465
1995,OAK,37739225,67,77,N,0.4652777777777778,563272.0149253731,78.39274836932324,-11.392748369323243
1995,PHI,30555945,69,75,N,0.4791666666666667,442839.7826086957,77.88125978925123,-8.881259789251231
1995,PIT,18355345,58,86,N,0.4027777777777778,316471.4655172414,77.01251075398787,-19.01251075398787
1995,SDN,26382334,70,74,N,0.4861111111111111,376890.4857142857,77.58407600076423,-7.584076000764227
1995,SEA,36481311,79,66,N,0.5448275862068965,461788.746835443,78.3031780552449,0.6968219447551007
1995,SFN,36462777,67,77,N,0.4652777777777778,544220.5522388059,78.30185833370501,-11.301858333705013
1995,SLN,37101000,62,81,N,0.43356643356643354,598403.2258064516,78.3473032803087,-16.347303280308694
1995,TEX,34581451,74,70,N,0.5138888888888888,467316.9054054054,78.16789769672684,-4.16789769672684
1995,TOR,50590000,56,88,N,0.3888888888888889,903392.8571428572,79.30779339855431,-23.30779339855431
1996,ATL,49698500,96,66,N,0.5925925925925926,517692.7083333333,79.24431375288628,16.755686247113715
1996,BAL,54490315,88,74,N,0.5432098765432098,619208.125,79.58551702636551,8.414482973634492
1996,BOS,42393500,85,77,N,0.5246913580246914,498747.0588235294,78.72415804721616,6.275841952783836
1996,CAL,28738000,70,91,N,0.43478260869565216,410542.85714285716,77.75181222397478,-7.751812223974781
1996,CHA,45139500,85,77,N,0.5246913580246914,531052.9411764706,78.91968817285206,6.080311827147938
1996,CHN,33081000,76,86,N,0.4691358024691358,435276.3157894737,78.06105742996046,-2.0610574299604565
1996,CIN,42526334,81,81,N,0.5,525016.4691358025,78.73361655002343,2.2663834499765727
1996,CLE,48107360,99,62,N,0.6149068322981367,485932.9292929293,79.13101593638801,19.86898406361199
1996,COL,40179823,83,79,N,0.5123456790123457,484094.2530120482,78.56653221257405,4.433467787425954
1996,DET,23438000,53,109,N,0.3271604938271605,442226.41509433964,77.37442341630174,-24.374423416301738
1996,FLO,31022500,80,82,N,0.49382716049382713,387781.25,77.91448104116895,2.085518958831045
1996,HOU,28487000,82,80,N,0.5061728395061729,347402.43902439025,77.73393965968687,4.266060340313132
1996,KCA,20281250,75,86,N,0.4658385093167702,270416.6666666667,77.1496456580712,-2.1496456580711936
1996,LAN,35355000,90,72,N,0.5555555555555556,392833.3333333333,78.22297859008282,11.777021409917182
1996,MIN,23117000,78,84,N,0.48148148148148145,296371.7948717949,77.35156647153512,0.6484335284648779
1996,ML4,21730000,80,82,N,0.49382716049382713,271625.0,77.25280453262144,2.7471954673785604
1996,MON,16264500,88,74,N,0.5432098765432098,184823.86363636365,76.86363122538803,11.136368774611967
1996,NYA,54191792,92,70,Y,0.5679012345679012,589041.2173913043,79.5642605661706,12.435739433829397
1996,NYN,24479500,71,91,N,0.4382716049382716,344781.6901408451,77.44858387728127,-6.448583877281266
1996,OAK,21243000,78,84,N,0.48148148148148145,272346.1538461539,77.21812748557676,0.7818725144232417
1996,PHI,34314500,67,95,N,0.41358024691358025,512156.7164179105,78.14888933453871,-11.148889334538708
1996,PIT,23017500,73,89,N,0.4506172839506173,315308.2191780822,77.34448153071183,-4.344481530711832
1996,SDN,28348172,91,71,N,0.5617283950617284,311518.37362637365,77.72405435149977,13.275945648500226
1996,SEA,41328501,85,76,N,0.5279503105590062,486217.65882352943,78.64832432970995,6.351675670290049
1996,SFN,37144725,68,94,N,0.41975308641975306,546245.9558823529,78.350416737972,-10.350416737971997
1996,SLN,40269667,88,74,N,0.5432098765432098,457609.8522727273,78.57292959371303,9.427070406286973
1996,TEX,39041528,90,72,N,0.5555555555555556,433794.7555555556,78.48547942147401,11.514520578525989
1996,TOR,29555083,74,88,N,0.4567901234567901,399393.0135135135,77.8099929747559,-3.8099929747559003
1997,ANA,31135472,84,78,N,0.5185185185185185,370660.38095238095,77.92252526161809,6.077474738381909
1997,ATL,52278500,101,61,N,0.6234567901234568,517608.9108910891,79.42802377624412,21.571976223755883
1997,BAL,58516400,98,64,N,0.6049382716049383,597106.1224489796,79.87219616178821,18.12780383821179
1997,BOS,43558750,78,84,N,0.48148148148148145,558445.5128205129,78.80713018082768,-0.8071301808276843
1997,CHA,57740000,80,81,N,0.4968944099378882,721750.0,79.81691226173588,0.1830877382641205
1997,CHN,42155333,68,94,N,0.41975308641975306,619931.3676470588,78.70719926228088,-10.70719926228088
1997,CIN,49768000,76,86,N,0.4691358024691358,654842.1052631579,79.24926253064729,-3.249262530647286
1997,CLE,56802460,86,75,N,0.5341614906832298,660493.7209302326,79.75015431782158,6.249845682178417
1997,COL,43559667,83,79,N,0.5123456790123457,524815.265060241,78.80719547621196,4.192804523788041
1997,DET,17272000,79,83,N,0.4876543209876543,218632.91139240508,76.93537070156361,2.0646292984363868
1997,FLO,48692500,92,70,Y,0.5679012345679012,529266.304347826,79.17268108486383,12.827318915136175
1997,HOU,34777500,84,78,N,0.5185185185185185,414017.85714285716,78.18185745113354,5.8181425488664615
1997,KCA,34655000,67,94,N,0.4161490683229814,517238.80597014923,78.17313478529582,-11.173134785295815
1997,LAN,45380304,88,74,N,0.5432098765432098,515685.2727272727,78.93683472652053,9.06316527347947
1997,MIN,34072500,68,94,N,0.41975308641975306,501066.17647058825,78.13165761916949,-10.131657619169488
1997,ML4,23655338,78,83,N,0.484472049689441,303273.5641025641,77.38989906322287,0.6101009367771297
1997,MON,19295500,78,84,N,0.48148148148148145,247378.20512820513,77.07945490011576,0.9205450998842366
1997,NYA,62241545,96,66,N,0.5925925925925926,648349.4270833334,80.13744673347863,15.862553266521374
1997,NYN,39800400,88,74,N,0.5432098765432098,452277.2727272727,78.53951523265448,9.46048476734552
1997,OAK,24018500,65,97,N,0.4012345679012346,369515.3846153846,77.41575817155724,-12.415758171557243
1997,PHI,36656500,68,94,N,0.41975308641975306,539066.1764705882,78.31565246426895,-10.31565246426895
1997,PIT,10771667,79,83,N,0.4876543209876543,136350.21518987342,76.47251165998857,2.5274883400114305
1997,SDN,37363672,76,86,N,0.4691358024691358,491627.2631578947,78.36600695443872,-2.366006954438717
1997,SEA,41540661,90,72,N,0.5555555555555556,461562.9,78.66343127488653,11.336568725113466
1997,SFN,35592378,90,72,N,0.5555555555555556,395470.86666666664,78.23988119392958,11.760118806070423
1997,SLN,45456667,73,89,N,0.4506172839506173,622694.0684931506,78.94227218718474,-5.9422721871847415
1997,TEX,53448838,77,85,N,0.47530864197530864,694140.7532467532,79.51135820311099,-2.511358203110987
1997,TOR,47079833,76,86,N,0.4691358024691358,619471.4868421053,79.05785042895747,-3.0578504289574653
1998,ANA,41281000,85,77,N,0.5246913580246914,485658.82352941175,78.64494200032253,6.35505799967747
1998,ARI,32347000,65,97,N,0.4012345679012346,497646.1538461539,78.0087926403695,-13.008792640369506
1998,ATL,61186000,106,56,N,0.654320987654321,577226.4150943396,80.06228619215878,25.93771380784122
1998,BAL,72355634,79,83,N,0.4876543209876543,915894.1012658228,80.85762484449921,-1.8576248444992132
1998,BOS,56757000,92,70,N,0.5679012345679012,616923.9130434783,79.74691731872784,12.253082681272161
1998,CHA,38335000,80,82,N,0.49382716049382713,479187.5,78.43517078760465,1.5648292123953524
1998,CHN,50838000,90,73,N,0.5521472392638037,564866.6666666666,79.325452346536,10.674547653464003
1998,CIN,23005000,77,85,N,0.47530864197530864,298766.2337662338,77.3435914627692,-0.34359146276919716
1998,CLE,60800166,89,73,N,0.5493827160493827,683147.9325842697,80.03481271419278,8.965187285807218
1998,COL,50484648,77,85,N,0.47530864197530864,655644.7792207792,79.30029176352299,-2.300291763522992
1998,DET,24065000,65,97,N,0.4012345679012346,370230.76923076925,77.41906922430381,-12.419069224303811
1998,FLO,41322667,54,108,N,0.3333333333333333,765234.574074074,78.64790891719976,-24.647908917199757
1998,HOU,42374000,102,60,N,0.6296296296296297,415431.3725490196,78.72276954122567,23.277230458774326
1998,KCA,36862500,72,89,N,0.4472049689440994,511979.1666666667,78.3303207839634,-6.330320783963401
1998,LAN,48820000,83,79,N,0.5123456790123457,588192.7710843374,79.1817597778786,3.8182402221214033
1998,MIL,33914904,74,88,N,0.4567901234567901,458309.5135135135,78.12043592737061,-4.1204359273706075
1998,MIN,27927500,70,92,N,0.43209876543209874,398964.28571428574,77.69410021857497,-7.694100218574974
1998,MON,10641500,65,97,N,0.4012345679012346,163715.38461538462,76.46324306207755,-11.463243062077552
1998,NYA,66806867,114,48,Y,0.7037037037037037,586025.149122807,80.46252247427553,33.53747752572447
1998,NYN,52077999,88,74,N,0.5432098765432098,591795.4431818182,79.41374701523897,8.586252984761032
1998,OAK,21303000,74,88,N,0.4567901234567901,287878.3783783784,77.22239981170137,-3.222399811701365
1998,PHI,36297500,75,87,N,0.46296296296296297,483966.6666666667,78.29008971295676,-3.290089712956757
1998,PIT,15065000,69,93,N,0.42592592592592593,218333.33333333334,76.77822030561373,-7.778220305613729
1998,SDN,46861500,98,64,N,0.6049382716049383,478178.5714285714,79.04230393262809,18.957696067371913
1998,SEA,54087036,76,85,N,0.4720496894409938,711671.5263157894,79.55680136957879,-3.5568013695787926
1998,SFN,42565834,89,74,N,0.5460122699386503,478267.797752809,78.73642916472213,10.263570835277875
1998,SLN,54672521,83,79,N,0.5123456790123457,658705.0722891566,79.59849108392982,3.401508916070185
1998,TBA,27280000,63,99,N,0.3888888888888889,433015.873015873,77.64799469914699,-14.647994699146992
1998,TEX,56572095,88,74,N,0.5432098765432098,642864.7159090909,79.73375107769336,8.266248922306644
1998,TOR,51376000,88,74,N,0.5432098765432098,583818.1818181818,79.36376087078658,8.636239129213422
1999,ANA,55388166,70,92,N,0.43209876543209874,791259.5142857142,79.64944889775381,-9.649448897753814
1999,ARI,68703999,100,62,N,0.6172839506172839,687039.99,80.59760858436579,19.402391415634213
1999,ATL,73140000,103,59,N,0.6358024691358025,710097.0873786408,80.91347596705003,22.086524032949967
1999,BAL,80605863,78,84,N,0.48148148148148145,1033408.5,81.44508599267651,-3.4450859926765105
1999,BOS,63497500,94,68,N,0.5802469135802469,675505.3191489362,80.226877556109,13.773122443890998
1999,CHA,25620000,75,86,N,0.4658385093167702,341600.0,77.52979367636638,-2.5297936763663813
1999,CHN,62343000,67,95,N,0.41358024691358025,930492.5373134328,80.14467088092816,-13.14467088092816
1999,CIN,33962761,96,67,N,0.588957055214724,353778.7604166667,78.12384360589301,17.876156394106985
1999,CLE,72978462,97,65,N,0.5987654320987654,752355.2783505154,80.90197358342476,16.098026416575237
1999,COL,61935837,72,90,N,0.4444444444444444,860219.9583333334,80.11567866223031,-8.115678662230309
1999,DET,36489666,69,92,N,0.42857142857142855,528835.7391304348,78.30377297665775,-9.303772976657754
1999,FLO,21085000,64,98,N,0.3950617283950617,329453.125,77.20687702678198,-13.206877026781981
1999,HOU,54914000,97,65,N,0.5987654320987654,566123.7113402062,79.6156857012672,17.384314298732804
1999,KCA,26225000,64,97,N,0.39751552795031053,409765.625,77.57287296478943,-13.572872964789426
1999,LAN,80862453,77,85,N,0.47530864197530864,1050161.7272727273,81.46335659534836,-4.463356595348358
1999,MIL,43377395,74,87,N,0.45962732919254656,586181.0135135135,78.7942167190889,-4.794216719088894
1999,MIN,21257500,63,97,N,0.39375,337420.6349206349,77.21915996439022,-14.219159964390215
1999,MON,17903000,68,94,N,0.41975308641975306,263279.4117647059,76.98030133130733,-8.98030133130733
1999,NYA,86734359,98,64,Y,0.6049382716049383,885044.4795918367,81.88146821876501,16.118531781234992
1999,NYN,65092092,97,66,N,0.5950920245398773,671052.4948453609,80.34042117377032,16.659578826229676
1999,OAK,24431833,87,75,N,0.5370370370370371,280825.6666666667,77.44518972779157,9.554810272208428
1999,PHI,31692500,77,85,N,0.47530864197530864,411590.9090909091,77.96218868289365,-0.9621886828936539
1999,PIT,24917666,78,83,N,0.484472049689441,319457.25641025644,77.47978367809313,0.5202163219068723
1999,SDN,49768179,74,88,N,0.4567901234567901,672542.9594594594,79.24927527642022,-5.249275276420221
1999,SEA,54125003,79,83,N,0.4876543209876543,685126.6202531646,79.559504826345,-0.5595048263450053
1999,SFN,46595057,86,76,N,0.5308641975308642,541802.9883720931,79.02333174280115,6.9766682571988525
1999,SLN,49778195,75,86,N,0.4658385093167702,663709.2666666667,79.24998847006128,-4.249988470061282
1999,TBA,38870000,69,93,N,0.42592592592592593,563333.3333333334,78.473265695549,-9.473265695549003
1999,TEX,76709931,95,67,N,0.5864197530864198,807472.9578947368,81.16767445828872,13.832325541711285
1999,TOR,45444333,84,78,N,0.5185185185185185,541003.9642857143,78.9413939393444,5.058606060655606
2000,ANA,51464167,82,80,N,0.5061728395061729,627611.7926829269,79.37003884041037,2.6299611595896266
2000,ARI,81027833,85,77,N,0.5246913580246914,953268.6235294117,81.47513255025646,3.524867449743539
2000,ATL,84537836,95,67,N,0.5864197530864198,889871.9578947368,81.7250638421619,13.274936157838098
2000,BAL,81447435,74,88,N,0.4567901234567901,1100641.0135135136,81.50501049336538,-7.505010493365376
2000,BOS,77940333,85,77,N,0.5246913580246914,916945.094117647,81.25528576842807,3.7447142315719333
2000,CHA,31133500,95,67,N,0.5864197530864198,327721.05263157893,77.92238484449946,17.07761515550054
2000,CHN,60539333,65,97,N,0.4012345679012346,931374.3538461538,80.0162399868585,-15.016239986858494
2000,CIN,46867200,85,77,N,0.5246913580246914,551378.8235294118,79.04270980360992,5.957290196390076
2000,CLE,75880771,90,72,N,0.5555555555555556,843119.6777777778,81.10863375946415,8.891366240535845
2000,COL,61111190,82,80,N,0.5061728395061729,745258.4146341464,80.05695931353576,1.9430406864642435
2000,DET,58265167,79,83,N,0.4876543209876543,737533.7594936709,79.85430700663385,-0.8543070066338458
2000,FLO,19872000,79,82,N,0.4906832298136646,251544.30379746837,77.12050483362964,1.8794951663703614
2000,HOU,51289111,72,90,N,0.4444444444444444,712348.7638888889,79.35757390170924,-7.3575739017092445
2000,KCA,23433000,77,85,N,0.47530864197530864,304324.67532467534,77.37406738912469,-0.37406738912468995
2000,LAN,87924286,86,76,N,0.5308641975308642,1022375.4186046511,81.96619748890613,4.033802511093867
2000,MIL,36505333,73,89,N,0.4506172839506173,500073.05479452055,78.30488855221432,-5.304888552214322
2000,MIN,16519500,69,93,N,0.42592592592592593,239413.04347826086,76.88178861141759,-7.881788611417591
2000,MON,32994333,67,95,N,0.41358024691358025,492452.7313432836,78.05488626848978,-11.054886268489781
2000,NYA,92338260,87,74,Y,0.5403726708074534,1061359.3103448276,82.28049642946459,4.719503570535409
2000,NYN,79509776,94,68,N,0.5802469135802469,845848.6808510638,81.36703864059426,12.63296135940574
2000,OAK,31971333,91,70,N,0.5652173913043478,351333.3296703297,77.98204310806534,13.01795689193466
2000,PHI,47308000,65,97,N,0.4012345679012346,727815.3846153846,79.07409715953867,-14.074097159538667
2000,PIT,28928334,69,93,N,0.42592592592592593,419251.2173913043,77.76536503931811,-8.765365039318112
2000,SDN,54821000,76,86,N,0.4691358024691358,721328.947368421,79.60906359577406,-3.60906359577406
2000,SEA,58915000,91,71,N,0.5617283950617284,647417.5824175824,79.90057864834264,11.099421351657355
2000,SFN,53737826,97,65,N,0.5987654320987654,553998.206185567,79.53193571947926,17.468064280520736
2000,SLN,61453863,95,67,N,0.5864197530864198,646882.7684210526,80.081359493704,14.918640506296
2000,TBA,62765129,69,92,N,0.42857142857142855,909639.5507246377,80.17472876017234,-11.174728760172343
2000,TEX,70795921,71,91,N,0.4382716049382716,997125.647887324,80.74656480121956,-9.746564801219563
2000,TOR,44838332,83,79,N,0.5123456790123457,540220.8674698796,78.8982433742805,4.101756625719503
2001,ANA,47535167,75,87,N,0.46296296296296297,633802.2266666667,79.09027268468445,-4.09027268468445
2001,ARI,85082999,92,70,Y,0.5679012345679012,924815.2065217391,81.76388241094634,10.236117589053663
2001,ATL,91936166,88,74,N,0.5432098765432098,1044729.1590909091,82.25186515111884,5.748134848881165
2001,BAL,67599540,63,98,N,0.391304347826087,1073008.5714285714,80.51896510037828,-17.51896510037828
2001,BOS,110035833,82,79,N,0.5093167701863354,1341900.4024390243,83.54065982063003,-1.540659820630026
2001,CHA,65653667,83,79,N,0.5123456790123457,791008.0361445784,80.38040836616071,2.619591633839292
2001,CHN,64715833,88,74,N,0.5432098765432098,735407.1931818182,80.31362948784839,7.686370512151612
2001,CIN,48986000,66,96,N,0.4074074074074074,742212.1212121212,79.19357988015666,-13.193579880156662
2001,CLE,93152001,91,71,N,0.5617283950617284,1023648.3626373627,82.33843921168057,8.661560788319434
2001,COL,71541334,73,89,N,0.4506172839506173,980018.2739726028,80.79964225844485,-7.799642258444848
2001,DET,53416167,66,96,N,0.4074074074074074,809335.8636363636,79.50903185033071,-13.509031850330715
2001,FLO,35762500,76,86,N,0.4691358024691358,470559.2105263158,78.2519948050124,-2.2519948050124015
2001,HOU,60612667,93,69,N,0.5740740740740741,651749.1075268817,80.02146176625885,12.978538233741148
2001,KCA,35422500,65,97,N,0.4012345679012346,544961.5384615385,78.227784956973,-13.227784956972997
2001,LAN,109105953,86,76,N,0.5308641975308642,1268673.8720930233,83.47444731035097,2.5255526896490323
2001,MIL,43886833,68,94,N,0.41975308641975306,645394.6029411765,78.8304914736933,-10.8304914736933
2001,MIN,24130000,85,77,N,0.5246913580246914,283882.35294117645,77.42369757760547,7.576302422394534
2001,MON,35159500,68,94,N,0.41975308641975306,517051.4705882353,78.20905792746017,-10.209057927460165
2001,NYA,112287143,95,65,N,0.59375,1181969.9263157896,83.70096532942293,11.299034670577072
2001,NYN,93174428,82,80,N,0.5061728395061729,1136273.512195122,82.34003613598051,-0.34003613598051174
2001,OAK,33810750,102,60,N,0.6296296296296297,331477.9411764706,78.11301959645091,23.88698040354909
2001,PHI,41663833,86,76,N,0.5308641975308642,484463.17441860464,78.67220179077685,7.327798209223147
2001,PIT,57760833,62,100,N,0.38271604938271603,931626.3387096775,79.81839568457178,-17.818395684571783
2001,SDN,39182833,79,83,N,0.4876543209876543,495985.2278481013,78.49554110552462,0.504458894475377
2001,SEA,74720834,116,46,N,0.7160493827160493,644145.1206896552,81.02603994033097,34.973960059669025
2001,SFN,63280167,90,72,N,0.5555555555555556,703112.9666666667,80.21140226521504,9.788597734784958
2001,SLN,78538333,93,69,N,0.5740740740740741,844498.2043010753,81.29786661880325,11.702133381196745
2001,TBA,56980000,62,100,N,0.38271604938271603,919032.2580645161,79.76279613082427,-17.76279613082427
2001,TEX,88633500,73,89,N,0.4506172839506173,1214157.5342465753,82.01669738057501,-9.01669738057501
2001,TOR,76895999,80,82,N,0.49382716049382713,961199.9875,81.18092351124459,-1.1809235112445862
2002,ANA,61721667,99,63,Y,0.6111111111111112,623451.1818181818,80.10042859412854,18.899571405871455
2002,ARI,102819999,98,64,N,0.6049382716049383,1049183.663265306,83.02685321881367,14.97314678118633
2002,ATL,92870367,101,59,N,0.63125,919508.5841584158,82.3183853400843,18.681614659915695
2002,BAL,60493487,67,95,N,0.41358024691358025,902887.8656716418,80.01297550246667,-13.012975502466674
2002,BOS,108366060,93,69,N,0.5740740740740741,1165226.4516129033,83.42176290712915,9.57823709287085
2002,CHA,57052833,81,81,N,0.5,704355.9629629629,79.76798223630149,1.232017763698508
2002,CHN,75690833,67,95,N,0.41358024691358025,1129713.9253731344,81.09510914147324,-14.095109141473245
2002,CIN,45050390,78,84,N,0.48148148148148145,577569.1025641026,78.91334305650267,-0.9133430565026686
2002,CLE,78909449,74,88,N,0.4567901234567901,1066343.9054054054,81.32429209517088,-7.324292095170875
2002,COL,56851043,73,89,N,0.4506172839506173,778781.4109589041,79.7536136914901,-6.753613691490102
2002,DET,55048000,55,106,N,0.3416149068322981,1000872.7272727273,79.62522722961214,-24.625227229612136
2002,FLO,41979917,79,83,N,0.4876543209876543,531391.3544303797,78.69470868962298,0.3052913103770152
2002,HOU,63448417,84,78,N,0.5185185185185185,755338.2976190476,80.22338257972278,3.776617420277219
2002,KCA,47257000,62,100,N,0.38271604938271603,762209.6774193548,79.07046568233275,-17.070465682332753
2002,LAN,94850953,92,70,N,0.5679012345679012,1030988.6195652174,82.45941382858128,9.540586171418724
2002,MIL,50287833,56,106,N,0.345679012345679,897997.0178571428,79.28627746575278,-23.286277465752775
2002,MIN,40425000,94,67,N,0.5838509316770186,430053.1914893617,78.58399014761156,15.416009852388441
2002,MON,38670500,83,79,N,0.5123456790123457,465909.6385542169,78.4590602111847,4.540939788815294
2002,NYA,125928583,103,58,N,0.639751552795031,1222607.6019417476,84.67231000424245,18.327689995757552
2002,NYN,94633593,75,86,N,0.4658385093167702,1261781.24,82.44393661514056,-7.443936615140558
2002,OAK,40004167,103,59,N,0.6358024691358025,388389.9708737864,78.55402455061167,24.445975449388328
2002,PHI,57954999,80,81,N,0.4968944099378882,724437.4875,79.8322213591436,0.1677786408563975
2002,PIT,42323599,72,89,N,0.4472049689440994,587827.7638888889,78.71918071607557,-6.71918071607557
2002,SDN,41425000,66,96,N,0.4074074074074074,627651.5151515151,78.65519558302158,-12.65519558302158
2002,SEA,80282668,93,69,N,0.5740740740740741,863254.4946236559,81.42207275197917,11.577927248020828
2002,SFN,78299835,95,66,N,0.5900621118012422,824208.7894736842,81.28088426486883,13.719115735131169
2002,SLN,74660875,97,65,N,0.5987654320987654,769699.7422680412,81.02177053362922,15.978229466370777
2002,TBA,34380000,55,106,N,0.3416149068322981,625090.9090909091,78.15355329055807,-23.153553290558065
2002,TEX,105526122,72,90,N,0.4444444444444444,1465640.5833333333,83.21954388530172,-11.219543885301718
2002,TOR,76864333,78,84,N,0.48148148148148145,985440.1666666666,81.17866871992689,-3.1786687199268897
2003,ANA,79031667,77,85,N,0.47530864197530864,1026385.2857142857,81.3329946810758,-4.332994681075803
2003,ARI,80657000,84,78,N,0.5185185185185185,960202.380952381,81.44872722502707,2.5512727749729294
2003,ATL,106243667,101,61,N,0.6234567901234568,1051917.495049505,83.27063698945298,17.72936301054702
2003,BAL,73877500,71,91,N,0.4382716049382716,1040528.1690140845,80.96598997566491,-9.965989975664911
2003,BOS,99946500,95,67,N,0.5864197530864198,1052068.4210526317,82.82224447136845,12.17775552863155
2003,CHA,51010000,86,76,N,0.5308641975308642,593139.5348837209,79.33769968142651,6.662300318573486
2003,CHN,79868333,88,74,N,0.5432098765432098,907594.6931818182,81.39256984789856,6.607430152101443
2003,CIN,59355667,69,93,N,0.42592592592592593,860227.0579710145,79.93195653394847,-10.931956533948465
2003,CLE,48584834,68,94,N,0.41975308641975306,714482.8529411765,79.16501468045496,-11.16501468045496
2003,COL,67179667,74,88,N,0.4567901234567901,907833.3378378379,80.48906786059638,-6.4890678605963785
2003,DET,49168000,43,119,N,0.2654320987654321,1143441.8604651163,79.20653926940128,-36.206539269401276
2003,FLO,49450000,91,71,Y,0.5617283950617284,543406.5934065934,79.2266192021869,11.773380797813104
2003,HOU,71040000,87,75,N,0.5370370370370371,816551.724137931,80.76394455268901,6.236055447310989
2003,KCA,40518000,83,79,N,0.5123456790123457,488168.6746987952,78.5906122531047,4.409387746895305
2003,LAN,105572620,85,77,N,0.5246913580246914,1242030.8235294118,83.2228547956374,1.777145204362597
2003,MIL,40627000,68,94,N,0.41975308641975306,597455.8823529412,78.5983736455644,-10.598373645564394
2003,MIN,55505000,90,72,N,0.5555555555555556,616722.2222222222,79.65776811359451,10.342231886405486
2003,MON,51948500,83,79,N,0.5123456790123457,625885.5421686746,79.40452598255881,3.595474017441191
2003,NYA,152749814,101,61,N,0.6234567901234568,1512374.396039604,86.58212743582989,14.41787256417011
2003,NYN,116876429,66,95,N,0.40993788819875776,1770854.9848484849,84.02774743727399,-18.027747437273987
2003,OAK,50260834,96,66,N,0.5925925925925926,523550.3541666667,79.28435499020215,16.715645009797854
2003,PHI,70780000,86,76,N,0.5308641975308642,823023.2558139535,80.7454311394824,5.254568860517594
2003,PIT,54812429,75,87,N,0.46296296296296297,730832.3866666667,79.60845329398717,-4.608453293987168
2003,SDN,45210000,64,98,N,0.3950617283950617,706406.25,78.92470815604847,-14.924708156048467
2003,SEA,86959167,93,69,N,0.5740740740740741,935044.8064516129,81.89747577028866,11.102524229711335
2003,SFN,82852167,100,61,N,0.6211180124223602,828521.67,81.60503504705976,18.394964952940242
2003,SLN,83786666,85,77,N,0.5246913580246914,985725.4823529412,81.67157645524497,3.328423544755026
2003,TBA,19630000,63,99,N,0.3888888888888889,311587.3015873016,77.10327311826042,-14.103273118260418
2003,TEX,103491667,71,91,N,0.4382716049382716,1457629.1126760563,83.07467963120465,-12.074679631204646
2003,TOR,51269000,86,76,N,0.5308641975308642,596151.1627906977,79.35614188919772,6.6438581108022845
2004,ANA,100534667,92,70,N,0.5679012345679012,1092768.1195652173,82.86412515869725,9.135874841302751
2004,ARI,69780750,51,111,N,0.3148148148148148,1368250.0,80.67427910814895,-29.67427910814895
2004,ATL,90182500,96,66,N,0.5925925925925926,939401.0416666666,82.12699460002511,13.873005399974886
2004,BAL,51623333,78,84,N,0.48148148148148145,661837.6025641026,79.38137232474284,-1.3813723247428413
2004,BOS,127298500,98,64,Y,0.6049382716049383,1298964.2857142857,84.76985554070302,13.23014445929698
2004,CHA,65212500,83,79,N,0.5123456790123457,785692.7710843374,80.34899487783717,2.651005122162829
2004,CHN,90560000,89,73,N,0.5493827160493827,1017528.0898876404,82.1538746518924,6.846125348107606
2004,CIN,46615250,76,86,N,0.4691358024691358,613358.552631579,79.02476959415837,-3.0247695941583714
2004,CLE,34319300,80,82,N,0.49382716049382713,428991.25,78.14923112062867,1.85076887937133
2004,COL,65445167,68,94,N,0.41975308641975306,962428.9264705882,80.36556203287772,-12.365562032877719
2004,DET,46832000,72,90,N,0.4444444444444444,650444.4444444445,79.0402033722835,-7.0402033722835
2004,FLO,42143042,83,79,N,0.5123456790123457,507747.4939759036,78.70632407627424,4.293675923725758
2004,HOU,75397000,92,70,N,0.5679012345679012,819532.6086956522,81.07418663477041,10.925813365229587
2004,KCA,47609000,58,104,N,0.35802469135802467,820844.8275862068,79.09552999559708,-21.095529995597076
2004,LAN,92902001,93,69,N,0.5740740740740741,998946.247311828,82.32063785282807,10.679362147171929
2004,MIL,27528500,67,94,N,0.4161490683229814,410873.1343283582,77.66568924984638,-10.66568924984638
2004,MIN,53585000,92,70,N,0.5679012345679012,582445.6521739131,79.52105367760728,12.478946322392716
2004,MON,40897500,67,95,N,0.41358024691358025,610410.4477611941,78.6176347158428,-11.617634715842797
2004,NYA,184193950,101,61,N,0.6234567901234568,1823702.4752475247,88.82112083080145,12.178879169198552
2004,NYN,96660970,71,91,N,0.4382716049382716,1361422.1126760563,82.5882968771658,-11.588296877165803
2004,OAK,59425667,91,71,N,0.5617283950617284,653029.3076923077,79.93694091442717,11.063059085572831
2004,PHI,92919167,86,76,N,0.5308641975308642,1080455.4302325582,82.32186016533231,3.6781398346676895
2004,PIT,32227929,72,89,N,0.4472049689440994,447610.125,78.00031413796981,-6.000314137969809
2004,SDN,55384833,87,75,N,0.5370370370370371,636607.275862069,79.6492115700376,7.350788429962407
2004,SEA,81515834,63,99,N,0.3888888888888889,1293902.126984127,81.50988087394198,-18.50988087394198
2004,SFN,82019166,91,71,N,0.5617283950617284,901309.5164835164,81.54572084815777,9.45427915184223
2004,SLN,83228333,105,57,N,0.6481481481481481,792650.7904761905,81.63182011087619,23.36817988912381
2004,TBA,29556667,70,91,N,0.43478260869565216,422238.1,77.8101057641656,-7.810105764165598
2004,TEX,55050417,89,73,N,0.5493827160493827,618544.011235955,79.62539933314952,9.374600666850483
2004,TOR,50017000,67,94,N,0.4161490683229814,746522.3880597015,79.26699268406438,-12.266992684064377
2005,ARI,62329166,77,85,N,0.47530864197530864,809469.6883116884,80.14368582493469,-3.1436858249346926
2005,ATL,86457302,90,72,N,0.5555555555555556,960636.6888888889,81.86174025444662,8.138259745553384
2005,BAL,73914333,74,88,N,0.4567901234567901,998842.3378378379,80.96861268546736,-6.968612685467363
2005,BOS,123505125,95,67,N,0.5864197530864198,1300053.9473684211,84.49974662215457,10.500253377845425
2005,CHA,75178000,99,63,Y,0.6111111111111112,759373.7373737374,81.05859264441563,17.941407355584374
2005,CHN,87032933,79,83,N,0.4876543209876543,1101682.6962025317,81.90272831043711,-2.902728310437112
2005,CIN,61892583,73,89,N,0.4506172839506173,847843.6027397261,80.11259874232708,-7.11259874232708
2005,CLE,41502500,93,69,N,0.5740740740740741,446263.44086021505,78.66071400426586,14.339285995734144
2005,COL,47839000,67,95,N,0.41358024691358025,714014.9253731343,79.11190724574138,-12.111907245741378
2005,DET,69092000,71,91,N,0.4382716049382716,973126.7605633803,80.6252363645103,-9.6252363645103
2005,FLO,60408834,83,79,N,0.5123456790123457,727817.2771084338,80.00694774874292,2.993052251257083
2005,HOU,76779000,89,73,N,0.5493827160493827,862685.3932584269,81.17259254650705,7.8274074534929525
2005,KCA,36881000,56,106,N,0.345679012345679,658589.2857142857,78.33163808451849,-22.331638084518488
2005,LAA,94867822,95,67,N,0.5864197530864198,998608.652631579,82.4606149930712,12.539385006928796
2005,LAN,83039000,71,91,N,0.4382716049382716,1169563.38028169,81.61833857217371,-10.618338572173712
2005,MIL,39934833,81,81,N,0.5,493022.6296296296,78.54908759295294,2.4509124070470563
2005,MIN,56186000,83,79,N,0.5123456790123457,676939.7590361446,79.70625901510873,3.293740984891272
2005,NYA,208306817,95,67,N,0.5864197530864198,2192703.3368421053,90.53808802452009,4.461911975479907
2005,NYN,101305821,83,79,N,0.5123456790123457,1220552.060240964,82.91903551503542,0.08096448496458208
2005,OAK,55425762,88,74,N,0.5432098765432098,629838.2045454546,79.6521259373035,8.347874062696505
2005,PHI,95522000,88,74,N,0.5432098765432098,1085477.2727272727,82.50719602239685,5.492803977603145
2005,PIT,38133000,67,95,N,0.41358024691358025,569149.2537313433,78.42078728965183,-11.420787289651827
2005,SDN,63290833,82,80,N,0.5061728395061729,771839.4268292683,80.21216174238913,1.787838257610872
2005,SEA,87754334,69,93,N,0.42592592592592593,1271801.9420289856,81.95409598274733,-12.954095982747333
2005,SFN,90199500,75,87,N,0.46296296296296297,1202660.0,82.12820509242708,-7.128205092427081
2005,SLN,92106833,100,62,N,0.6172839506172839,921068.33,82.26401756916397,17.73598243083603
2005,TBA,29679067,67,95,N,0.41358024691358025,442971.14925373136,77.81882130945978,-10.818821309459778
2005,TEX,55849000,79,83,N,0.4876543209876543,706949.3670886076,79.68226278337555,-0.682262783375549
2005,TOR,45719500,80,82,N,0.49382716049382713,571493.75,78.96098732538987,1.0390126746101345
2005,WAS,48581500,81,81,N,0.5,599771.6049382716,79.1647772815333,1.8352227184666958
2006,ARI,59684226,76,86,N,0.4691358024691358,785318.7631578947,79.95535172060134,-3.9553517206013424
2006,ATL,90156876,79,83,N,0.4876543209876543,1141226.2784810127,82.12517003194817,-3.1251700319481728
2006,BAL,72585582,70,92,N,0.43209876543209874,1036936.8857142857,80.87399839196088,-10.873998391960882
2006,BOS,120099824,86,76,N,0.5308641975308642,1396509.5813953488,84.25727068174744,1.7427293182525574
2006,CHA,102750667,90,72,N,0.5555555555555556,1141674.0777777778,83.02191640356583,6.978083596434175
2006,CHN,94424499,66,96,N,0.4074074074074074,1430674.2272727273,82.42904798582893,-16.42904798582893
2006,CIN,60909519,80,82,N,0.49382716049382713,761368.9875,80.04259924217118,-0.042599242171178275
2006,CLE,56031500,78,84,N,0.48148148148148145,718352.5641025641,79.69525777533788,-1.695257775337879
2006,COL,41233000,76,86,N,0.4691358024691358,542539.4736842106,78.64152413942286,-2.641524139422856
2006,DET,82612866,95,67,N,0.5864197530864198,869609.1157894736,81.5879955151607,13.4120044848393
2006,FLO,14671500,78,84,N,0.48148148148148145,188096.15384615384,76.75020096677989,1.249799033220114
2006,HOU,88694435,82,80,N,0.5061728395061729,1081639.4512195121,82.02103628378171,-0.021036283781711518
2006,KCA,47294000,62,100,N,0.38271604938271603,762806.4516129033,79.07310028344293,-17.073100283442926
2006,LAA,103472000,89,73,N,0.5493827160493827,1162606.7415730336,83.07327923390643,5.926720766093567
2006,LAN,98447187,88,74,N,0.5432098765432098,1118718.0340909092,82.71548523638756,5.284514763612435
2006,MIL,57568333,75,87,N,0.46296296296296297,767577.7733333333,79.80468863825536,-4.804688638255357
2006,MIN,63396006,96,66,N,0.5925925925925926,660375.0625,80.21965063164751,15.78034936835249
2006,NYA,194663079,97,65,N,0.5987654320987654,2006835.8659793814,89.56657971961,7.433420280389996
2006,NYN,101084963,97,65,N,0.5987654320987654,1042113.0206185566,82.90330922498163,14.096690775018374
2006,OAK,62243079,93,69,N,0.5740740740740741,669280.4193548387,80.13755596261655,12.862444037383455
2006,PHI,88273333,85,77,N,0.5246913580246914,1038509.8,81.99105153251969,3.008948467480309
2006,PIT,46717750,67,95,N,0.41358024691358025,697279.8507462686,79.0320681512879,-12.032068151287902
2006,SDN,69896141,88,74,N,0.5432098765432098,794274.3295454546,80.68249557454635,7.317504425453649
2006,SEA,87959833,78,84,N,0.48148148148148145,1127690.1666666667,81.96872862851865,-3.9687286285186474
2006,SFN,90056419,76,85,N,0.4720496894409938,1184952.8815789474,82.11801694752319,-6.118016947523188
2006,SLN,88891371,83,78,Y,0.515527950310559,1070980.373493976,82.03505919740962,0.9649408025903767
2006,TBA,34917967,61,101,N,0.3765432098765432,572425.6885245901,78.19185946502928,-17.19185946502928
2006,TEX,68228662,80,82,N,0.49382716049382713,852858.275,80.5637620063143,-0.5637620063143061
2006,TOR,71365000,87,75,N,0.5370370370370371,820287.356321839,80.78708631919726,6.2129136808027425
2006,WAS,63143000,71,91,N,0.4382716049382716,889338.0281690141,80.20163522925615,-9.201635229256155
2007,ARI,52067546,90,72,N,0.5555555555555556,578528.2888888889,79.41300270482263,10.586997295177369
2007,ATL,87290833,84,78,N,0.5185185185185185,1039176.5833333334,81.92109219222935,2.0789078077706478
2007,BAL,93174808,69,93,N,0.42592592592592593,1350359.536231884,82.34006319404597,-13.340063194045968
2007,BOS,143026214,96,66,Y,0.5925925925925926,1489856.3958333333,85.88975426407713,10.110245735922874
2007,CHA,108671833,72,90,N,0.4444444444444444,1509331.013888889,83.44353560673076,-11.443535606730762
2007,CHN,99670332,85,77,N,0.5246913580246914,1172592.1411764706,82.80257980868214,2.1974201913178604
2007,CIN,68524980,72,90,N,0.4444444444444444,951735.8333333334,80.58486145852413,-8.58486145852413
2007,CLE,61673267,96,66,N,0.5925925925925926,642429.8645833334,80.0969822510547,15.903017748945302
2007,COL,54041000,90,73,N,0.5521472392638037,600455.5555555555,79.55352335615426,10.446476643845742
2007,DET,94800369,88,74,N,0.5432098765432098,1077276.9204545454,82.4558119728365,5.5441880271635
2007,FLO,30507000,71,91,N,0.4382716049382716,429676.05633802817,77.87777463921509,-6.87777463921509
2007,HOU,87759000,73,89,N,0.4506172839506173,1202178.082191781,81.95442822730895,-8.954428227308952
2007,KCA,67116500,69,93,N,0.42592592592592593,972702.8985507246,80.48457002685784,-11.484570026857838
2007,LAA,109251333,94,68,N,0.5802469135802469,1162248.2234042552,83.48479915655086,10.515200843449136
2007,LAN,108454524,82,80,N,0.5061728395061729,1322616.1463414633,83.42806202476726,-1.4280620247672573
2007,MIL,70986500,83,79,N,0.5123456790123457,855259.0361445784,80.76013506189457,2.239864938105427
2007,MIN,71439500,79,83,N,0.4876543209876543,904297.4683544304,80.7923911241353,-1.7923911241353068
2007,NYA,189259045,94,68,N,0.5802469135802469,2013394.0957446808,89.18178312566951,4.8182168743304885
2007,NYN,115231663,88,74,N,0.5432098765432098,1309450.7159090908,83.91063115809641,4.0893688419035925
2007,OAK,79366940,76,86,N,0.4691358024691358,1044301.8421052631,81.35686794102203,-5.356867941022031
2007,PHI,89428213,89,73,N,0.5493827160493827,1004811.3820224719,82.073285265766,6.926714734233997
2007,PIT,38537833,68,94,N,0.41975308641975306,566732.8382352941,78.44961359968516,-10.449613599685165
2007,SDN,58110567,89,74,N,0.5460122699386503,652927.7191011236,79.84329864631945,9.156701353680546
2007,SEA,106460833,88,74,N,0.5432098765432098,1209782.1931818181,83.28610038903923,4.713899610960766
2007,SFN,90219056,71,91,N,0.4382716049382716,1270690.9295774647,82.12959758592196,-11.129597585921957
2007,SLN,90286823,78,84,N,0.48148148148148145,1157523.3717948718,82.13442296466339,-4.134422964663386
2007,TBA,24123500,66,96,N,0.4074074074074074,365507.57575757575,77.4232347422753,-11.423234742275298
2007,TEX,68318675,75,87,N,0.46296296296296297,910915.6666666666,80.57017142117186,-5.570171421171864
2007,TOR,81942800,83,79,N,0.5123456790123457,987262.6506024096,81.54028317387726,1.4597168261227438
2007,WAS,36947500,73,89,N,0.4506172839506173,506130.1369863014,78.33637324597326,-5.336373245973263
2008,ARI,66202712,82,80,N,0.5061728395061729,807350.1463414634,80.4195033544454,1.5804966455546037
2008,ATL,102365683,72,90,N,0.4444444444444444,1421745.5972222222,82.99450345021994,-10.994503450219938
2008,BAL,67196246,68,93,N,0.422360248447205,988180.0882352941,80.49024837551003,-12.490248375510035
2008,BOS,133390035,95,67,N,0.5864197530864198,1404105.6315789474,85.20360594269334,9.796394057306657
2008,CHA,121189332,89,74,N,0.5460122699386503,1361677.8876404495,84.33484957327013,4.665150426729866
2008,CHN,118345833,97,64,N,0.6024844720496895,1220060.1340206186,84.1323769888872,12.867623011112798
2008,CIN,74117695,74,88,N,0.4567901234567901,1001590.472972973,80.98309316522321,-6.9830931652232096
2008,CLE,78970066,81,81,N,0.5,974939.086419753,81.32860835504911,-0.3286083550491128
2008,COL,68655500,74,88,N,0.4567901234567901,927777.027027027,80.59415519195383,-6.594155191953831
2008,DET,137685196,74,88,N,0.4567901234567901,1860610.7567567567,85.50944475185443,-11.509444751854431
2008,FLO,21811500,84,77,N,0.5217391304347826,259660.7142857143,77.25860777560736,6.741392224392641
2008,HOU,88930414,86,75,N,0.5341614906832298,1034074.5813953489,82.03783927122433,3.9621607287756717
2008,KCA,58245500,75,87,N,0.46296296296296297,776606.6666666666,79.85290660933563,-4.8529066093356334
2008,LAA,119216333,100,62,N,0.6172839506172839,1192163.33,84.19436132041162,15.805638679588384
2008,LAN,118588536,84,78,N,0.5185185185185185,1411768.2857142857,84.14965876167751,-0.14965876167751446
2008,MIL,80937499,90,72,N,0.5555555555555556,899305.5444444445,81.46870027845414,8.531299721545864
2008,MIN,56932766,88,75,N,0.5398773006134969,646963.25,79.75943281328811,8.240567186711885
2008,NYA,207896789,89,73,N,0.5493827160493827,2335918.9775280897,90.5088918022498,-1.5088918022498063
2008,NYN,137793376,89,73,N,0.5493827160493827,1548240.1797752809,85.51714775585708,3.4828522441429186
2008,OAK,47967126,75,86,N,0.4658385093167702,639561.68,79.12103051335872,-4.121030513358718
2008,PHI,97879880,92,70,Y,0.5679012345679012,1063911.7391304348,82.67508989444141,9.324910105558587
2008,PIT,48689783,67,95,N,0.41358024691358025,726713.1791044776,79.17248761969581,-12.172487619695815
2008,SDN,73677616,63,99,N,0.3888888888888889,1169485.9682539683,80.9517571484134,-17.951757148413407
2008,SEA,117666482,61,101,N,0.3765432098765432,1928958.7213114754,84.08400350513598,-23.084003505135982
2008,SFN,76594500,72,90,N,0.4444444444444444,1063812.5,81.15945514367391,-9.15945514367391
2008,SLN,99624449,86,76,N,0.5308641975308642,1158423.8255813953,82.79931268968922,3.2006873103107836
2008,TBA,43820597,97,65,N,0.5987654320987654,451758.73195876286,78.82577511047349,18.174224889526513
2008,TEX,67712326,79,83,N,0.4876543209876543,857118.0506329114,80.52699607661644,-1.5269960766164417
2008,TOR,97793900,86,76,N,0.5308641975308642,1137138.3720930233,82.66896765110486,3.3310323488951354
2008,WAS,54961000,59,102,N,0.36645962732919257,931542.3728813559,79.61903235673147,-20.619032356731466
2009,ARI,73115666,70,92,N,0.43209876543209874,1044509.5142857142,80.91174325398475,-10.911743253984753
2009,ATL,96726166,86,76,N,0.5308641975308642,1124722.8604651163,82.59293918673279,3.4070608132672078
2009,BAL,67101666,64,98,N,0.3950617283950617,1048463.53125,80.48351376542897,-16.483513765428967
2009,BOS,121345999,95,67,N,0.5864197530864198,1277326.305263158,84.34600511521951,10.653994884780488
2009,CHA,96068500,79,83,N,0.4876543209876543,1216056.9620253164,82.54610979284843,-3.5461097928484264
2009,CHN,134809000,83,78,N,0.515527950310559,1624204.8192771084,85.3046439633499,-2.3046439633499034
2009,CIN,73558500,78,84,N,0.48148148148148145,943057.6923076923,80.94327544176912,-2.943275441769117
2009,CLE,81579166,65,97,N,0.4012345679012346,1255064.0923076924,81.51439045657737,-16.514390456577374
2009,COL,75201000,92,70,N,0.5679012345679012,817402.1739130435,81.06023036943006,10.939769630569941
2009,DET,115085145,86,77,N,0.5276073619631901,1338199.3604651163,83.90019828011101,2.099801719888987
2009,FLO,36834000,87,75,N,0.5370370370370371,423379.3103448276,78.32829142905422,8.671708570945782
2009,HOU,102996414,74,88,N,0.4567901234567901,1391843.4324324324,83.03941492570152,-9.039414925701521
2009,KCA,70519333,65,97,N,0.4012345679012346,1084912.8153846154,80.72687023225038,-15.726870232250377
2009,LAA,113709000,97,65,N,0.5987654320987654,1172257.731958763,83.8022092761987,13.197790723801305
2009,LAN,100414592,95,67,N,0.5864197530864198,1056995.7052631578,82.85557516604038,12.144424833959619
2009,MIL,80182502,80,82,N,0.49382716049382713,1002281.275,81.41494038833589,-1.4149403883358929
2009,MIN,65299266,87,76,N,0.5337423312883436,750566.275862069,80.35517308864596,6.644826911354045
2009,NYA,201449189,103,59,Y,0.6358024691358025,1955817.3689320388,90.04978763690022,12.95021236309978
2009,NYN,149373987,70,92,N,0.43209876543209874,2133914.1,86.34175020442603,-16.341750204426035
2009,OAK,61910000,75,87,N,0.46296296296296297,825466.6666666666,80.11383892739562,-5.113838927395619
2009,PHI,113004046,93,69,N,0.5740740740740741,1215097.2688172043,83.75201271968467,9.247987280315328
2009,PIT,48693000,62,99,N,0.38509316770186336,785370.9677419355,79.17271668758153,-17.172716687581527
2009,SDN,43333700,75,87,N,0.46296296296296297,577782.6666666666,78.79110539758867,-3.791105397588666
2009,SEA,98904166,85,77,N,0.5246913580246914,1163578.4235294117,82.74802462505579,2.251975374944209
2009,SFN,83026450,88,74,N,0.5432098765432098,943482.3863636364,81.61744494395931,6.382555056040687
2009,SLN,88528409,91,71,N,0.5617283950617284,972839.6593406594,82.00921433016234,8.990785669837663
2009,TBA,63313034,84,78,N,0.5185185185185185,753726.5952380953,80.21374257426066,3.786257425739336
2009,TEX,68178798,87,75,N,0.5370370370370371,783664.3448275862,80.56021141848302,6.439788581516979
2009,TOR,80538300,75,87,N,0.46296296296296297,1073844.0,81.4402751398439,-6.440275139843905
2009,WAS,59928000,59,103,N,0.36419753086419754,1015728.813559322,79.97270975441297,-20.972709754412975
2010,ARI,60718166,65,97,N,0.4012345679012346,934125.6307692308,80.02897386848916,-15.02897386848916
2010,ATL,84423666,91,71,N,0.5617283950617284,927732.5934065934,81.71693431760114,9.283065682398856
2010,BAL,81612500,66,96,N,0.4074074074074074,1236553.0303030303,81.51676401856133,-15.516764018561332
2010,BOS,162447333,89,73,N,0.5493827160493827,1825250.9325842697,87.27264349862173,1.7273565013782672
2010,CHA,105530000,88,74,N,0.5432098765432098,1199204.5454545454,83.21982001998023,4.780179980019767
2010,CHN,146609000,75,87,N,0.46296296296296297,1954786.6666666667,86.14486810118801,-11.14486810118801
2010,CIN,71761542,91,71,N,0.5617283950617284,788588.3736263736,80.81532226496562,10.184677735034384
2010,CLE,61203966,69,93,N,0.42592592592592593,887014.0,80.06356546901135,-11.063565469011351
2010,COL,84227000,83,79,N,0.5123456790123457,1014783.1325301204,81.7029306294408,1.2970693705591998
2010,DET,122864928,81,81,N,0.5,1516850.962962963,84.4541611160214,-3.454161116021396
2010,FLO,57029719,80,82,N,0.49382716049382713,712871.4875,79.76633639386742,0.23366360613258053
2010,HOU,92355500,76,86,N,0.4691358024691358,1215203.9473684211,82.28172401117106,-6.281724011171065
2010,KCA,71405210,67,95,N,0.41358024691358025,1065749.4029850746,80.7899494897551,-13.789949489755102
2010,LAA,104963866,80,82,N,0.49382716049382713,1312048.325,83.17950820200983,-3.1795082020098278
2010,LAN,95358016,80,82,N,0.49382716049382713,1191975.2,82.49551947027658,-2.4955194702765766
2010,MIL,81108278,77,85,N,0.47530864197530864,1053354.2597402597,81.48086067150803,-4.480860671508026
2010,MIN,97559166,94,68,N,0.5802469135802469,1037863.4680851063,82.65225331442933,11.34774668557067
2010,NYA,206333389,95,67,N,0.5864197530864198,2171930.4105263157,90.39756922452979,4.602430775470211
2010,NYN,134422942,79,83,N,0.4876543209876543,1701556.2278481012,85.27715453536638,-6.277154535366378
2010,OAK,55254900,81,81,N,0.5,682159.2592592592,79.63995963419846,1.360040365801538
2010,PHI,141928379,97,65,N,0.5987654320987654,1463179.1649484537,85.81158244489377,11.188417555106227
2010,PIT,34943000,57,105,N,0.35185185185185186,613035.0877192982,78.19364195069389,-21.193641950693888
2010,SDN,37799300,90,72,N,0.5555555555555556,419992.22222222225,78.3970260358555,11.602973964144496
2010,SEA,86510000,61,101,N,0.3765432098765432,1418196.7213114754,81.86549263848185,-20.865492638481854
2010,SFN,98641333,92,70,Y,0.5679012345679012,1072188.402173913,82.72930948685067,9.270690513149333
2010,SLN,93540751,86,76,N,0.5308641975308642,1087683.1511627906,82.36612032469621,3.6338796753037883
2010,TBA,71923471,96,66,N,0.5925925925925926,749202.8229166666,80.82685248991612,15.17314751008388
2010,TEX,55250544,90,72,N,0.5555555555555556,613894.9333333333,79.63964946332182,10.360350536678183
2010,TOR,62234000,85,77,N,0.5246913580246914,732164.7058823529,80.13690948846846,4.863090511531539
2010,WAS,61400000,69,93,N,0.42592592592592593,889855.0724637681,80.07752415533652,-11.07752415533652
2011,ARI,53639833,94,68,N,0.5802469135802469,570636.5212765958,79.52495808524712,14.475041914752879
2011,ATL,87002692,89,73,N,0.5493827160493827,977558.3370786516,81.90057498686488,7.099425013135118
2011,BAL,85304038,69,93,N,0.42592592592592593,1236290.4057971016,81.77962158918393,-12.779621589183932
2011,BOS,161762475,90,72,N,0.5555555555555556,1797360.8333333333,87.22387788653771,2.776122113462293
2011,CHA,127789000,79,83,N,0.4876543209876543,1617582.2784810127,84.80478180677163,-5.804781806771629
2011,CHN,125047329,71,91,N,0.4382716049382716,1761229.985915493,84.60955992946563,-13.609559929465632
2011,CIN,75947134,79,83,N,0.4876543209876543,961356.1265822785,81.11335916577427,-2.11335916577427
2011,CLE,48776566,80,82,N,0.49382716049382713,609707.075,79.178667040997,0.8213329590030014
2011,COL,88148071,73,89,N,0.4506172839506173,1207507.8219178081,81.98213219726937,-8.982132197269365
2011,DET,105700231,95,67,N,0.5864197530864198,1112634.0105263158,83.23194139245551,11.76805860754449
2011,FLO,56944000,72,90,N,0.4444444444444444,790888.8888888889,79.76023273514951,-7.760232735149515
2011,HOU,70694000,56,106,N,0.345679012345679,1262392.857142857,80.73930747203714,-24.73930747203714
2011,KCA,35712000,71,91,N,0.4382716049382716,502985.91549295775,78.24839893052419,-7.248398930524189
2011,LAA,138543166,86,76,N,0.5308641975308642,1610967.046511628,85.57053687927315,0.4294631207268509
2011,LAN,104188999,82,79,N,0.5093167701863354,1270597.5487804879,83.12433345988998,-1.1243334598899821
2011,MIL,85497333,96,66,N,0.5925925925925926,890597.21875,81.7933852438215,14.206614756178496
2011,MIN,112737000,63,99,N,0.3888888888888889,1789476.1904761905,83.73299759298017,-20.73299759298017
2011,NYA,202275028,97,65,N,0.5987654320987654,2085309.5670103093,90.10859186247379,6.891408137526213
2011,NYN,118847309,77,85,N,0.47530864197530864,1543471.5454545454,84.16808480581487,-7.168084805814871
2011,OAK,66536500,74,88,N,0.4567901234567901,899141.8918918918,80.44327087432004,-6.443270874320035
2011,PHI,172976379,102,60,N,0.6296296296296297,1695846.8529411764,88.02236880350375,13.977631196496247
2011,PIT,45047000,72,90,N,0.4444444444444444,625652.7777777778,78.91310167007663,-6.913101670076628
2011,SDN,45869140,71,91,N,0.4382716049382716,646044.2253521127,78.97164250674462,-7.971642506744615
2011,SEA,86110600,67,95,N,0.41358024691358025,1285232.8358208956,81.8370531875791,-14.837053187579102
2011,SFN,118198333,86,76,N,0.5308641975308642,1374399.2209302327,84.12187418716422,1.8781258128357763
2011,SLN,105433572,90,72,Y,0.5555555555555556,1171484.1333333333,83.21295382225452,6.787046177745481
2011,TBA,41053571,91,71,N,0.5617283950617284,451138.14285714284,78.62874781935267,12.371252180647332
2011,TEX,92299264,96,66,N,0.5925925925925926,961450.6666666666,82.27771970230535,13.722280297694653
2011,TOR,62567800,81,81,N,0.5,772441.975308642,80.16067786280833,0.8393221371916724
2011,WAS,63856928,80,81,N,0.4968944099378882,798211.6,80.25247078334756,-0.2524707833475617
2012,ARI,73804833,81,81,N,0.5,911170.7777777778,80.96081569028996,0.039184309710037724
2012,ATL,82829942,94,68,N,0.5802469135802469,881169.5957446808,81.60345250625777,12.396547493742233
2012,BAL,77353999,93,69,N,0.5740740740740741,831763.4301075268,81.21353560066237,11.786464399337632
2012,BOS,173186617,69,93,N,0.42592592592592593,2509950.9710144927,88.03733889183349,-19.037338891833485
2012,CHA,96919500,85,77,N,0.5246913580246914,1140229.4117647058,82.60670561838235,2.3932943816176504
2012,CHN,88197033,61,101,N,0.3765432098765432,1445853.0,81.9856185577979,-20.985618557797906
2012,CIN,82203616,97,65,N,0.5987654320987654,847459.9587628866,81.55885469071916,15.441145309280842
2012,CLE,78430300,68,94,N,0.41975308641975306,1153386.7647058824,81.2901740819996,-13.290174081999595
2012,COL,78069571,64,98,N,0.3950617283950617,1219837.046875,81.26448821648958,-17.264488216489582
2012,DET,132300000,88,74,N,0.5432098765432098,1503409.0909090908,85.12598952590619,2.874010474093808
2012,HOU,60651000,55,107,N,0.3395061728395062,1102745.4545454546,80.02419128421442,-25.024191284214425
2012,KCA,60916225,72,90,N,0.4444444444444444,846058.6805555555,80.04307674582104,-8.04307674582104
2012,LAA,154485166,89,73,N,0.5493827160493827,1735788.3820224719,86.70569393057953,2.2943060694204718
2012,LAN,95143575,86,76,N,0.5308641975308642,1106320.6395348837,82.48025010550182,3.519749894498176
2012,MIA,118078000,69,93,N,0.42592592592592593,1711275.3623188406,84.11330582350503,-15.11330582350503
2012,MIL,97653944,83,79,N,0.5123456790123457,1176553.5421686748,82.65900202318662,0.34099797681338373
2012,MIN,94085000,66,96,N,0.4074074074074074,1425530.303030303,82.40487381171268,-16.404873811712676
2012,NYA,196522289,95,67,N,0.5864197530864198,2068655.6736842105,89.69896557717865,5.3010344228213455
2012,NYN,93353983,74,88,N,0.4567901234567901,1261540.310810811,82.35282142793555,-8.352821427935552
2012,OAK,55372500,94,68,N,0.5802469135802469,589069.1489361703,79.64833339340268,14.35166660659732
2012,PHI,174538938,81,81,N,0.5,2154801.703703704,88.13363149745258,-7.133631497452583
2012,PIT,62951999,79,83,N,0.4876543209876543,796860.7468354431,80.18803491988741,-1.1880349198874143
2012,SDN,55244700,76,86,N,0.4691358024691358,726903.947368421,79.63923333875728,-3.639233338757279
2012,SEA,81978100,75,87,N,0.46296296296296297,1093041.3333333333,81.54279672574724,-6.5427967257472375
2012,SFN,117620683,94,68,Y,0.5802469135802469,1251283.8617021276,84.08074236739964,9.919257632600363
2012,SLN,110300862,88,74,N,0.5432098765432098,1253418.8863636365,83.5595313259713,4.440468674028693
2012,TBA,64173500,90,72,N,0.5555555555555556,713038.8888888889,80.27501243044618,9.724987569553818
2012,TEX,120510974,93,69,N,0.5740740740740741,1295816.9247311829,84.28654679651626,8.713453203483738
2012,TOR,75009200,73,89,N,0.4506172839506173,1027523.2876712328,81.04657316691842,-8.04657316691842
2012,WAS,80855143,98,64,N,0.6049382716049383,825052.4795918367,81.46283608361551,16.537163916384486
2013,ARI,90132000,81,81,N,0.5,1112740.7407407407,82.1233987255369,-1.1233987255369016
2013,ATL,87871525,96,66,N,0.5925925925925926,915328.3854166666,81.96244061892847,14.037559381071532
2013,BAL,84393333,85,77,N,0.5246913580246914,992862.7411764705,81.71477444312886,3.28522555687114
2013,BOS,151530000,97,65,Y,0.5987654320987654,1562164.9484536082,86.49527004884067,10.504729951159334
2013,CHA,120065277,63,99,N,0.3888888888888889,1905798.0476190476,84.25481074757033,-21.254810747570332
2013,CHN,100567726,66,96,N,0.4074074074074074,1523753.4242424243,82.86647913918647,-16.866479139186467
2013,CIN,106404462,90,72,N,0.5555555555555556,1182271.8,83.28208646743974,6.71791353256026
2013,CLE,75771800,92,70,N,0.5679012345679012,823606.5217391305,81.10087443196208,10.899125568037917
2013,COL,74409071,74,88,N,0.4567901234567901,1005527.9864864865,81.00384072017124,-7.00384072017124
2013,DET,145989500,93,69,N,0.5740740740740741,1569779.569892473,86.10075633395151,6.899243666048491
2013,HOU,17890700,51,111,N,0.3148148148148148,350798.03921568627,76.97942550445178,-25.979425504451783
2013,KCA,80091725,86,76,N,0.5308641975308642,931299.1279069767,81.40847657252567,4.591523427474328
2013,LAA,124174750,78,84,N,0.48148148148148145,1591983.9743589743,84.547427561841,-6.547427561841005
2013,LAN,223362196,92,70,N,0.5679012345679012,2427849.9565217393,91.61011284147781,0.3898871585221855
2013,MIA,33601900,62,100,N,0.38271604938271603,541966.1290322581,78.09814834126553,-16.098148341265528
2013,MIL,76947033,74,88,N,0.4567901234567901,1039824.7702702703,81.1845574094353,-7.1845574094353
2013,MIN,75337500,66,96,N,0.4074074074074074,1141477.2727272727,81.06994991136352,-15.069949911363523
2013,NYA,231978886,85,77,N,0.5246913580246914,2729163.3647058825,92.22366800472088,-7.223668004720878
2013,NYN,49448346,74,88,N,0.4567901234567901,668220.8918918918,79.22650142839673,-5.22650142839673
2013,OAK,60132500,96,66,N,0.5925925925925926,626380.2083333334,79.98727126595433,16.012728734045666
2013,PHI,169863189,73,89,N,0.4506172839506173,2326893.0,87.80069275403966,-14.800692754039659
2013,PIT,77062000,94,68,N,0.5802469135802469,819808.5106382979,81.19274368472809,12.807256315271914
2013,SDN,65585500,76,86,N,0.4691358024691358,862967.1052631579,80.3755545052451,-4.3755545052451055
2013,SEA,74005043,71,91,N,0.4382716049382716,1042324.5492957747,80.9750717305134,-9.975071730513406
2013,SFN,140180334,76,86,N,0.4691358024691358,1844478.0789473683,85.68711213955248,-9.687112139552482
2013,SLN,92260110,97,65,N,0.5987654320987654,951135.1546391753,82.2749317246873,14.725068275312694
2013,TBA,52955272,92,71,N,0.5644171779141104,575600.7826086957,79.47621362117742,12.523786378822578
2013,TEX,112522600,91,72,N,0.558282208588957,1236512.087912088,83.71773114762827,7.282268852371729
2013,TOR,126288100,74,88,N,0.4567901234567901,1706595.945945946,84.69790956876476,-10.697909568764757
2013,WAS,113703270,86,76,N,0.5308641975308642,1322131.046511628,83.8018012690538,2.1981987309462028
2014,ARI,97861500,64,98,N,0.3950617283950617,1529085.9375,82.67378113853857,-18.673781138538573
2014,ATL,97609000,79,83,N,0.4876543209876543,1235556.9620253164,82.65580176609755,-3.6558017660975537
2014,BAL,103416000,96,66,N,0.5925925925925926,1077250.0,83.06929172952347,12.93070827047653
2014,BOS,139019929,71,91,N,0.4382716049382716,1958027.1690140846,85.60448499627553,-14.60448499627553
2014,CHA,81830500,73,89,N,0.4506172839506173,1120965.7534246575,81.53228680348072,-8.532286803480716
2014,CHN,65522500,73,89,N,0.4506172839506173,897568.493150685,80.37106856281427,-7.371068562814273
2014,CIN,108217500,76,86,N,0.4691358024691358,1423914.4736842106,83.41118462764463,-7.41118462764463
2014,CLE,82151899,85,77,N,0.5246913580246914,966492.9294117647,81.55517215921606,3.444827840783944
2014,COL,95403500,66,96,N,0.4074074074074074,1445507.5757575757,82.49875817830078,-16.498758178300776
2014,DET,152855500,90,72,N,0.5555555555555556,1698394.4444444445,86.58965285347664,3.410347146523364
2014,HOU,35116300,70,92,N,0.43209876543209874,501661.4285714286,78.20598185265045,-8.205981852650453
2014,KCA,74594075,89,73,N,0.5493827160493827,838135.6741573034,81.01701401054383,7.982985989456168
2014,LAA,121988250,98,64,N,0.6049382716049383,1244778.0612244897,84.39173687731702,13.608263122682985
2014,LAN,217014600,94,68,N,0.5802469135802469,2308665.9574468085,91.15812950449097,2.8418704955090277
2014,MIA,41836900,77,85,N,0.47530864197530864,543336.3636363636,78.68452510186695,-1.684525101866953
2014,MIL,101217000,82,80,N,0.5061728395061729,1234353.6585365853,82.91271097705686,-0.9127109770568609
2014,MIN,83762500,70,92,N,0.43209876543209874,1196607.142857143,81.66985570469285,-11.66985570469285
2014,NYA,197543907,84,78,N,0.5185185185185185,2351713.1785714286,89.77171033169135,-5.771710331691352
2014,NYN,85556990,79,83,N,0.4876543209876543,1082999.8734177216,81.79763314648176,-2.7976331464817576
2014,OAK,72408400,88,74,N,0.5432098765432098,822822.7272727273,80.86138207050406,7.138617929495936
2014,PHI,180944967,73,89,N,0.4506172839506173,2478698.178082192,88.58977558164673,-15.589775581646734
2014,PIT,77178000,88,74,N,0.5432098765432098,877022.7272727273,81.20100351523564,6.798996484764359
2014,SDN,75685700,77,85,N,0.47530864197530864,982931.1688311688,81.09474364397329,-4.094743643973288
2014,SEA,92531100,87,75,N,0.5370370370370371,1063575.8620689656,82.29422768562907,4.7057723143709325
2014,SFN,163510167,88,74,Y,0.5432098765432098,1858070.0795454546,87.3483230563603,0.6516769436396999
2014,SLN,120693000,90,72,N,0.5555555555555556,1341033.3333333333,84.29950803710221,5.700491962897786
2014,TBA,72689100,77,85,N,0.47530864197530864,944014.2857142857,80.88136943622365,-3.8813694362236504
2014,TEX,112255059,67,95,N,0.41358024691358025,1675448.6417910447,83.69868077423324,-16.69868077423324
2014,TOR,109920100,83,79,N,0.5123456790123457,1324338.5542168675,83.53241900197372,-0.5324190019737216
2014,WAS,131983680,96,66,N,0.5925925925925926,1374830.0,85.10346582257729,10.896534177422708
2015,ARI,61834000,79,83,N,0.4876543209876543,782708.8607594937,80.10842731430446,-1.108427314304464
2015,ATL,71781250,67,95,N,0.41358024691358025,1071361.9402985075,80.81672558168668,-13.816725581686683
2015,BAL,115044833,81,81,N,0.5,1420306.5802469135,83.89732784659876,-2.897327846598756
2015,BOS,181103400,78,84,N,0.48148148148148145,2321838.4615384615,88.60105687239505,-10.601056872395048
2015,CHA,112373700,76,86,N,0.4691358024691358,1478601.3157894737,83.70712865829572,-7.707128658295716
2015,CHN,115879310,97,65,N,0.5987654320987654,1194632.06185567,83.9567471447234,13.043252855276606
2015,CIN,113072286,64,98,N,0.3950617283950617,1766754.46875,83.75687177859706,-19.75687177859706
2015,CLE,87663766,81,80,N,0.5031055900621118,1082268.7160493827,81.94764704887312,-0.9476470488731223
2015,COL,95688600,68,94,N,0.41975308641975306,1407185.294117647,82.51905884793617,-14.519058847936165
2015,DET,172284750,74,87,N,0.45962732919254656,2328172.2972972975,87.97312105941657,-13.97312105941657
2015,HOU,72256200,86,76,N,0.5308641975308642,840188.3720930233,80.85054460323465,5.149455396765347
2015,KCA,112107025,95,67,Y,0.5864197530864198,1180073.9473684211,83.68813994880774,11.311860051192255
2015,LAA,120005415,85,77,N,0.5246913580246914,1411828.4117647058,84.25054824779582,0.7494517522041804
2015,LAN,215792000,92,70,N,0.5679012345679012,2345565.217391304,91.07107373915869,0.9289262608413082
2015,MIA,68056500,71,91,N,0.4382716049382716,958542.2535211268,80.55150313614324,-9.55150313614324
2015,MIL,100850000,68,94,N,0.41975308641975306,1483088.2352941176,82.8865785822614,-14.886578582261393
2015,MIN,107755000,83,79,N,0.5123456790123457,1298253.0120481928,83.3782521137675,-0.3782521137675019
2015,NYA,212751957,87,75,N,0.5370370370370371,2445424.793103448,90.85460615367855,-3.854606153678546
2015,NYN,96766683,90,72,N,0.5555555555555556,1075185.3666666667,82.5958242173593,7.404175782640706
2015,OAK,79053501,68,94,N,0.41975308641975306,1162551.4852941176,81.33454938055256,-13.33454938055256
2015,PHI,111693000,63,99,N,0.3888888888888889,1772904.761904762,83.65865911841212,-20.658659118412118
2015,PIT,88892499,98,64,N,0.6049382716049383,907066.3163265307,82.03513951714076,15.964860482859237
2015,SDN,118441300,74,88,N,0.4567901234567901,1600558.1081081082,84.13917475818948,-10.139174758189483
2015,SEA,122208700,76,86,N,0.4691358024691358,1608009.2105263157,84.40743411555316,-8.407434115553158
2015,SFN,164701500,84,78,N,0.5185185185185185,1960732.142857143,87.43315244134361,-3.4331524413436085
2015,SLN,119241500,100,62,N,0.6172839506172839,1192415.0,84.19615334760458,15.803846652395421
2015,TBA,64521233,80,82,N,0.49382716049382713,806515.4125,80.29977291011761,-0.29977291011761054
2015,TEX,143742789,88,74,N,0.5432098765432098,1633440.7840909092,85.94077829895605,2.0592217010439526
2015,TOR,112992400,93,69,N,0.5740740740740741,1214972.0430107526,83.75118346118389,9.248816538816115
2015,WAS,155587472,83,79,N,0.5123456790123457,1874547.8554216868,86.78418410926459,-3.7841841092645865
2016,ARI,87439063,69,93,N,0.42592592592592593,1267232.7971014492,81.93164697392018,-12.93164697392018
2016,ATL,68498291,68,93,N,0.422360248447205,1007327.8088235294,80.58296105665846,-12.582961056658462
2016,BAL,161863456,89,73,N,0.5493827160493827,1818690.5168539325,87.23106828261085,1.768931717389151
2016,BOS,188545761,93,69,N,0.5740740740740741,2027373.7741935484,89.13099342787852,3.869006572121478
2016,CHA,112998667,78,84,N,0.48148148148148145,1448700.858974359,83.7516297056476,-5.751629705647602
2016,CHN,154067668,103,58,Y,0.639751552795031,1495802.6019417476,86.67596580370672,16.324034196293283
2016,CIN,88940059,68,94,N,0.41975308641975306,1307942.044117647,82.03852604764887,-14.038526047648872
2016,CLE,74311900,94,67,N,0.5838509316770186,790552.1276595745,80.99692161680701,13.003078383192985
2016,COL,112645071,75,87,N,0.46296296296296297,1501934.28,83.72645174850837,-8.726451748508367
2016,DET,194876481,86,75,N,0.5341614906832298,2266005.593023256,89.58177510193737,-3.5817751019373674
2016,HOU,94893700,84,78,N,0.5185185185185185,1129686.9047619049,82.46245764732875,1.5375423526712524
2016,KCA,131487125,81,81,N,0.5,1623297.8395061728,85.06810840759728,-4.068108407597279
2016,LAA,137251333,74,88,N,0.4567901234567901,1854747.7432432433,85.47855134803113,-11.478551348031132
2016,LAN,221288380,91,71,N,0.5617283950617284,2431740.4395604394,91.46244587023757,-0.46244587023757333
2016,MIA,77314202,79,82,N,0.4906832298136646,978660.7848101265,81.21070183794936,-2.210701837949358
2016,MIL,68775237,73,89,N,0.4506172839506173,942126.5342465753,80.60268111717353,-7.602681117173532
2016,MIN,102583200,59,103,N,0.36419753086419754,1738698.3050847459,83.00999184291402,-24.00999184291402
2016,NYA,222997792,84,78,N,0.5185185185185185,2654735.619047619,91.58416529599266,-7.584165295992662
2016,NYN,133889129,87,75,N,0.5370370370370371,1538955.5057471264,85.23914414827387,1.7608558517261343
2016,OAK,86806234,69,93,N,0.42592592592592593,1258061.3623188406,81.8865861094351,-12.8865861094351
2016,PHI,58980000,71,91,N,0.4382716049382716,830704.2253521127,79.90520700164429,-8.905207001644285
2016,PIT,103778833,78,83,N,0.484472049689441,1330497.858974359,83.09512741126959,-5.095127411269587
2016,SDN,101424814,68,94,N,0.41975308641975306,1491541.3823529412,82.92750846341116,-14.927508463411158
2016,SEA,135683339,86,76,N,0.5308641975308642,1577713.2441860465,85.36690165254086,0.6330983474591392
2016,SFN,172253778,87,75,N,0.5370370370370371,1979928.4827586208,87.97091568467104,-0.9709156846710414
2016,SLN,143053500,86,76,N,0.5308641975308642,1663412.7906976745,85.89169717558772,0.10830282441227723
2016,TBA,57097310,68,94,N,0.41975308641975306,839666.3235294118,79.77114924045222,-11.771149240452218
2016,TEX,176038723,95,67,N,0.5864197530864198,1853039.1894736842,88.24042434139898,6.7595756586010225
2016,TOR,138701700,89,73,N,0.5493827160493827,1558446.0674157303,85.58182536177044,3.4181746382295586
2016,WAS,141652646,95,67,N,0.5864197530864198,1491080.4842105263,85.79194875657187,9.20805124342813
