yearID,teamID,payroll,W,L,WSWin,win_percentage,cost_per_win
1985,ATL,14807000,66,96,N,0.4074074074074074,224348.48484848486
1985,BAL,11560712,83,78,N,0.515527950310559,139285.68674698795
1985,BOS,10897560,81,81,N,0.5,134537.77777777778
1985,CAL,14427894,90,72,N,0.5555555555555556,160309.93333333332
1985,CHA,9846178,85,77,N,0.5246913580246914,115837.38823529411
1985,CHN,12702917,77,84,N,0.4782608695652174,164972.94805194804
1985,CIN,8359917,89,72,N,0.5527950310559007,93931.65168539326
1985,CLE,6551666,60,102,N,0.37037037037037035,109194.43333333333
1985,DET,10348143,84,77,N,0.5217391304347826,123192.17857142857
1985,HOU,9993051,83,79,N,0.5123456790123457,120398.2048192771
1985,KCA,9321179,91,71,Y,0.5617283950617284,102430.53846153847
1985,LAN,10967917,95,67,N,0.5864197530864198,115451.75789473685
1985,MIN,5764821,77,85,N,0.47530864197530864,74867.8051948052
1985,ML4,11284107,71,90,N,0.4409937888198758,158931.08450704225
1985,MON,9470166,84,77,N,0.5217391304347826,112740.07142857143
1985,NYA,14238204,97,64,N,0.6024844720496895,146785.60824742267
1985,NYN,10834762,98,64,N,0.6049382716049383,110558.79591836735
1985,OAK,9058606,77,85,N,0.47530864197530864,117644.23376623377
1985,PHI,10124966,75,87,N,0.46296296296296297,134999.54666666666
1985,PIT,9227500,57,104,N,0.35403726708074534,161885.9649122807
1985,SDN,11036583,83,79,N,0.5123456790123457,132970.8795180723
1985,SEA,4613000,74,88,N,0.4567901234567901,62337.83783783784
1985,SFN,8221714,62,100,N,0.38271604938271603,132608.29032258064
1985,SLN,11817083,101,61,N,0.6234567901234568,117000.82178217822
1985,TEX,7676500,62,99,N,0.38509316770186336,123814.51612903226
1985,TOR,8812550,99,62,N,0.6149068322981367,89015.65656565657
1986,ATL,17102786,72,89,N,0.4472049689440994,237538.69444444444
1986,BAL,13001258,73,89,N,0.4506172839506173,178099.42465753425
1986,BOS,14402239,95,66,N,0.5900621118012422,151602.5157894737
1986,CAL,14427258,92,70,N,0.5679012345679012,156818.02173913043
1986,CHA,10418819,72,90,N,0.4444444444444444,144705.81944444444
1986,CHN,17208165,70,90,N,0.4375,245830.92857142858
1986,CIN,11906388,86,76,N,0.5308641975308642,138446.37209302327
1986,CLE,7809500,84,78,N,0.5185185185185185,92970.23809523809
1986,DET,12335714,87,75,N,0.5370370370370371,141789.816091954
1986,HOU,9873276,96,66,N,0.5925925925925926,102846.625
1986,KCA,13043698,76,86,N,0.4691358024691358,171627.6052631579
1986,LAN,14913776,73,89,N,0.4506172839506173,204298.301369863
1986,MIN,8748167,71,91,N,0.4382716049382716,123213.61971830986
1986,ML4,9943642,77,84,N,0.4782608695652174,129138.20779220779
1986,MON,11103600,78,83,N,0.484472049689441,142353.84615384616
1986,NYA,18494253,90,72,N,0.5555555555555556,205491.7
1986,NYN,15393714,108,54,Y,0.6666666666666666,142534.38888888888
1986,OAK,9779421,76,86,N,0.4691358024691358,128676.59210526316
1986,PHI,11590166,86,75,N,0.5341614906832298,134769.37209302327
1986,PIT,10843500,64,98,N,0.3950617283950617,169429.6875
1986,SDN,11380693,74,88,N,0.4567901234567901,153793.14864864864
1986,SEA,5958309,67,95,N,0.41358024691358025,88929.98507462686
1986,SFN,8947000,83,79,N,0.5123456790123457,107795.18072289157
1986,SLN,9875010,79,82,N,0.4906832298136646,125000.12658227848
1986,TEX,6743119,87,75,N,0.5370370370370371,77507.11494252873
1986,TOR,12611047,86,76,N,0.5308641975308642,146640.08139534883
1987,ATL,16544560,69,92,N,0.42857142857142855,239776.23188405798
1987,BAL,13900273,67,95,N,0.41358024691358025,207466.76119402985
1987,BOS,10144167,78,84,N,0.48148148148148145,130053.42307692308
1987,CAL,12843499,75,87,N,0.46296296296296297,171246.65333333332
1987,CHA,10641843,77,85,N,0.47530864197530864,138205.75324675324
1987,CHN,14307999,76,85,N,0.4720496894409938,188263.1447368421
1987,CIN,9281500,84,78,N,0.5185185185185185,110494.04761904762
1987,CLE,8513750,61,101,N,0.3765432098765432,139569.67213114753
1987,DET,12122881,98,64,N,0.6049382716049383,123702.86734693877
1987,HOU,12608371,76,86,N,0.4691358024691358,165899.61842105264
1987,KCA,11828056,83,79,N,0.5123456790123457,142506.6987951807
1987,LAN,13675403,73,89,N,0.4506172839506173,187334.2876712329
1987,MIN,6397500,85,77,Y,0.5246913580246914,75264.70588235294
1987,ML4,7293224,91,71,N,0.5617283950617284,80145.31868131868
1987,MON,6942052,91,71,N,0.5617283950617284,76286.28571428571
1987,NYA,17099714,89,73,N,0.5493827160493827,192131.61797752808
1987,NYN,13846714,92,70,N,0.5679012345679012,150507.76086956522
1987,OAK,11680839,81,81,N,0.5,144207.88888888888
1987,PHI,11514233,80,82,N,0.49382716049382713,143927.9125
1987,PIT,7652000,80,82,N,0.49382716049382713,95650.0
1987,SDN,11065796,65,97,N,0.4012345679012346,170243.0153846154
1987,SEA,2263500,78,84,N,0.48148148148148145,29019.23076923077
1987,SFN,7290000,90,72,N,0.5555555555555556,81000.0
1987,SLN,11758000,95,67,N,0.5864197530864198,123768.42105263157
1987,TEX,880000,75,87,N,0.46296296296296297,11733.333333333334
1987,TOR,10479501,96,66,N,0.5925925925925926,109161.46875
1988,ATL,12728174,54,106,N,0.3375,235706.92592592593
1988,BAL,13532075,54,107,N,0.33540372670807456,250593.9814814815
1988,BOS,13896092,89,73,N,0.5493827160493827,156135.8651685393
1988,CAL,11947388,75,87,N,0.46296296296296297,159298.50666666665
1988,CHA,6390000,71,90,N,0.4409937888198758,90000.0
1988,CHN,13119198,77,85,N,0.47530864197530864,170379.1948051948
1988,CIN,8888409,87,74,N,0.5403726708074534,102165.62068965517
1988,CLE,8936500,78,84,N,0.48148148148148145,114570.51282051283
1988,DET,12869571,88,74,N,0.5432098765432098,146245.125
1988,HOU,12286167,82,80,N,0.5061728395061729,149831.30487804877
1988,KCA,14556562,84,77,N,0.5217391304347826,173292.40476190476
1988,LAN,16850515,94,67,Y,0.5838509316770186,179260.79787234042
1988,MIN,12462666,91,71,N,0.5617283950617284,136952.37362637362
1988,ML4,8402000,87,75,N,0.5370370370370371,96574.71264367815
1988,MON,9603333,81,81,N,0.5,118559.66666666667
1988,NYA,19441152,85,76,N,0.5279503105590062,228719.43529411763
1988,NYN,15269314,100,60,N,0.625,152693.14
1988,OAK,9690000,104,58,N,0.6419753086419753,93173.07692307692
1988,PHI,13838000,65,96,N,0.40372670807453415,212892.3076923077
1988,PIT,5998500,85,75,N,0.53125,70570.58823529411
1988,SDN,9561002,83,78,N,0.515527950310559,115192.7951807229
1988,SEA,7342450,68,93,N,0.422360248447205,107977.20588235294
1988,SFN,12380000,83,79,N,0.5123456790123457,149156.6265060241
1988,SLN,12880000,76,86,N,0.4691358024691358,169473.68421052632
1988,TEX,5342131,70,91,N,0.43478260869565216,76316.15714285715
1988,TOR,12241225,87,75,N,0.5370370370370371,140703.7356321839
1989,ATL,11112334,63,97,N,0.39375,176386.25396825396
1989,BAL,8275167,87,75,N,0.5370370370370371,95116.86206896552
1989,BOS,17481748,83,79,N,0.5123456790123457,210623.46987951806
1989,CAL,15097833,91,71,N,0.5617283950617284,165910.25274725276
1989,CHA,7265410,69,92,N,0.42857142857142855,105295.79710144928
1989,CHN,10668000,93,69,N,0.5740740740740741,114709.67741935483
1989,CIN,11072000,75,87,N,0.46296296296296297,147626.66666666666
1989,CLE,9094500,73,89,N,0.4506172839506173,124582.19178082192
1989,DET,15146404,59,103,N,0.36419753086419754,256718.71186440677
1989,HOU,15029500,86,76,N,0.5308641975308642,174761.62790697673
1989,KCA,18683568,92,70,N,0.5679012345679012,203082.26086956522
1989,LAN,21071562,77,83,N,0.48125,273656.6493506493
1989,MIN,15531666,80,82,N,0.49382716049382713,194145.825
1989,ML4,11533000,81,81,N,0.5,142382.71604938273
1989,MON,13807389,81,81,N,0.5,170461.59259259258
1989,NYA,17114375,74,87,N,0.45962732919254656,231275.33783783784
1989,NYN,19885071,87,75,N,0.5370370370370371,228564.0344827586
1989,OAK,15613070,99,63,Y,0.6111111111111112,157707.77777777778
1989,PHI,10604000,67,95,N,0.41358024691358025,158268.6567164179
1989,PIT,12737500,74,88,N,0.4567901234567901,172128.37837837837
1989,SDN,14195000,89,73,N,0.5493827160493827,159494.38202247192
1989,SEA,9779500,73,89,N,0.4506172839506173,133965.75342465754
1989,SFN,14962834,92,70,N,0.5679012345679012,162639.5
1989,SLN,16078833,86,76,N,0.5308641975308642,186963.17441860464
1989,TEX,11893781,83,79,N,0.5123456790123457,143298.56626506025
1989,TOR,16261666,89,73,N,0.5493827160493827,182715.34831460673
1990,ATL,14555501,65,97,N,0.4012345679012346,223930.78461538462
1990,BAL,9680084,76,85,N,0.4720496894409938,127369.52631578948
1990,BOS,20558333,88,74,N,0.5432098765432098,233617.42045454544
1990,CAL,21720000,80,82,N,0.49382716049382713,271500.0
1990,CHA,9491500,94,68,N,0.5802469135802469,100973.40425531915
1990,CHN,13624000,77,85,N,0.47530864197530864,176935.06493506493
1990,CIN,14370000,91,71,Y,0.5617283950617284,157912.0879120879
1990,CLE,14487000,77,85,N,0.47530864197530864,188142.85714285713
1990,DET,17593238,79,83,N,0.4876543209876543,222699.21518987342
1990,HOU,18330000,75,87,N,0.46296296296296297,244400.0
1990,KCA,23361084,75,86,N,0.4658385093167702,311481.12
1990,LAN,21318704,86,76,N,0.5308641975308642,247891.90697674418
1990,MIN,14602000,74,88,N,0.4567901234567901,197324.32432432432
1990,ML4,19719167,74,88,N,0.4567901234567901,266475.2297297297
1990,MON,16586388,85,77,N,0.5246913580246914,195133.97647058824
1990,NYA,20912318,67,95,N,0.41358024691358025,312124.14925373136
1990,NYN,21722834,91,71,N,0.5617283950617284,238712.46153846153
1990,OAK,19887501,103,59,N,0.6358024691358025,193082.53398058252
1990,PHI,13173667,77,85,N,0.47530864197530864,171086.58441558442
1990,PIT,15556000,95,67,N,0.5864197530864198,163747.36842105264
1990,SDN,17588334,75,87,N,0.46296296296296297,234511.12
1990,SEA,12553667,77,85,N,0.47530864197530864,163034.63636363635
1990,SFN,19335333,85,77,N,0.5246913580246914,227474.50588235294
1990,SLN,20523334,70,92,N,0.43209876543209874,293190.4857142857
1990,TEX,14874372,83,79,N,0.5123456790123457,179209.3012048193
1990,TOR,17756834,86,76,N,0.5308641975308642,206474.81395348837
1991,ATL,18403500,94,68,N,0.5802469135802469,195781.914893617
1991,BAL,17519000,67,95,N,0.41358024691358025,261477.61194029852
1991,BOS,35167500,84,78,N,0.5185185185185185,418660.71428571426
1991,CAL,33060001,81,81,N,0.5,408148.16049382713
1991,CHA,16919667,87,75,N,0.5370370370370371,194478.93103448275
1991,CHN,23175667,77,83,N,0.48125,300982.6883116883
1991,CIN,26305333,74,88,N,0.4567901234567901,355477.47297297296
1991,CLE,17635000,57,105,N,0.35185185185185186,309385.9649122807
1991,DET,23838333,84,78,N,0.5185185185185185,283789.6785714286
1991,HOU,12852500,65,97,N,0.4012345679012346,197730.76923076922
1991,KCA,26319834,82,80,N,0.5061728395061729,320973.5853658537
1991,LAN,32790664,93,69,N,0.5740740740740741,352587.7849462366
1991,MIN,23361833,95,67,Y,0.5864197530864198,245914.03157894738
1991,ML4,23115500,83,79,N,0.5123456790123457,278500.0
1991,MON,10732333,71,90,N,0.4409937888198758,151159.61971830987
1991,NYA,27344168,71,91,N,0.4382716049382716,385129.1267605634
1991,NYN,32590001,77,84,N,0.4782608695652174,423246.7662337662
1991,OAK,36999167,84,78,N,0.5185185185185185,440466.2738095238
1991,PHI,22487332,78,84,N,0.48148148148148145,288299.1282051282
1991,PIT,23634667,98,64,N,0.6049382716049383,241170.07142857142
1991,SDN,22150001,84,78,N,0.5185185185185185,263690.4880952381
1991,SEA,15691833,83,79,N,0.5123456790123457,189058.22891566265
1991,SFN,30967666,75,87,N,0.46296296296296297,412902.2133333333
1991,SLN,21860001,84,78,N,0.5185185185185185,260238.10714285713
1991,TEX,18224500,85,77,N,0.5246913580246914,214405.88235294117
1991,TOR,19902417,91,71,N,0.5617283950617284,218707.8791208791
1992,ATL,34625333,98,64,N,0.6049382716049383,353319.7244897959
1992,BAL,23780667,89,73,N,0.5493827160493827,267198.5056179775
1992,BOS,43610584,73,89,N,0.4506172839506173,597405.2602739726
1992,CAL,34749334,72,90,N,0.4444444444444444,482629.6388888889
1992,CHA,30160833,86,76,N,0.5308641975308642,350707.3604651163
1992,CHN,29829686,78,84,N,0.48148148148148145,382431.8717948718
1992,CIN,35931499,90,72,N,0.5555555555555556,399238.8777777778
1992,CLE,9373044,76,86,N,0.4691358024691358,123329.52631578948
1992,DET,27322834,75,87,N,0.46296296296296297,364304.4533333333
1992,HOU,15407500,81,81,N,0.5,190216.04938271604
1992,KCA,33893834,72,90,N,0.4444444444444444,470747.69444444444
1992,LAN,44788166,63,99,N,0.3888888888888889,710923.2698412698
1992,MIN,28027834,90,72,N,0.5555555555555556,311420.3777777778
1992,ML4,31013667,92,70,N,0.5679012345679012,337105.07608695654
1992,MON,15822334,87,75,N,0.5370370370370371,181865.908045977
1992,NYA,37543334,76,86,N,0.4691358024691358,493991.2368421053
1992,NYN,44602002,72,90,N,0.4444444444444444,619472.25
1992,OAK,41035000,96,66,N,0.5925925925925926,427447.9166666667
1992,PHI,24383834,70,92,N,0.43209876543209874,348340.4857142857
1992,PIT,33944167,96,66,N,0.5925925925925926,353585.0729166667
1992,SDN,26854167,82,80,N,0.5061728395061729,327489.84146341466
1992,SEA,23179833,64,98,N,0.3950617283950617,362184.890625
1992,SFN,33163168,72,90,N,0.4444444444444444,460599.55555555556
1992,SLN,27583836,83,79,N,0.5123456790123457,332335.3734939759
1992,TEX,30128167,77,85,N,0.47530864197530864,391274.8961038961
1992,TOR,44788666,96,66,Y,0.5925925925925926,466548.6041666667
1993,ATL,41641417,104,58,N,0.6419753086419753,400398.2403846154
1993,BAL,29096500,85,77,N,0.5246913580246914,342311.76470588235
1993,BOS,37120583,80,82,N,0.49382716049382713,464007.2875
1993,CAL,28588334,71,91,N,0.4382716049382716,402652.59154929576
1993,CHA,39696166,94,68,N,0.5802469135802469,422299.6382978723
1993,CHN,39386666,84,78,N,0.5185185185185185,468888.88095238095
1993,CIN,44879666,73,89,N,0.4506172839506173,614789.9452054794
1993,CLE,18561000,76,86,N,0.4691358024691358,244223.68421052632
1993,COL,10353500,67,95,N,0.41358024691358025,154529.85074626867
1993,DET,38150165,85,77,N,0.5246913580246914,448825.4705882353
1993,FLO,19330545,64,98,N,0.3950617283950617,302039.765625
1993,HOU,30210500,85,77,N,0.5246913580246914,355417.64705882355
1993,KCA,41346167,84,78,N,0.5185185185185185,492216.2738095238
1993,LAN,39331999,81,81,N,0.5,485580.23456790124
1993,MIN,28217933,71,91,N,0.4382716049382716,397435.676056338
1993,ML4,23806834,69,93,N,0.42592592592592593,345026.5797101449
1993,MON,18899333,94,68,N,0.5802469135802469,201056.7340425532
1993,NYA,42974900,88,74,N,0.5432098765432098,488351.13636363635
1993,NYN,39043667,59,103,N,0.36419753086419754,661757.0677966102
1993,OAK,37812333,68,94,N,0.41975308641975306,556063.7205882353
1993,PHI,28538334,97,65,N,0.5987654320987654,294209.6288659794
1993,PIT,24822467,75,87,N,0.46296296296296297,330966.2266666667
1993,SDN,25511333,61,101,N,0.3765432098765432,418218.5737704918
1993,SEA,32696333,82,80,N,0.5061728395061729,398735.76829268294
1993,SFN,35050000,103,59,N,0.6358024691358025,340291.2621359223
1993,SLN,23367334,87,75,N,0.5370370370370371,268590.0459770115
1993,TEX,36376959,86,76,N,0.5308641975308642,422987.8953488372
1993,TOR,47279166,95,67,Y,0.5864197530864198,497675.43157894735
1994,ATL,49383513,68,46,,0.5964912280701754,726228.1323529412
1994,BAL,38849769,63,49,,0.5625,616663.0
1994,BOS,37859084,54,61,,0.46956521739130436,701094.1481481482
1994,CAL,25156218,47,68,,0.40869565217391307,535238.6808510638
1994,CHA,39183836,67,46,,0.5929203539823009,584833.3731343284
1994,CHN,36287333,49,64,,0.4336283185840708,740557.8163265307
1994,CIN,40961833,66,48,,0.5789473684210527,620633.8333333334
1994,CLE,30490500,66,47,,0.584070796460177,461977.2727272727
1994,COL,23887333,53,64,,0.452991452991453,450704.3962264151
1994,DET,41446501,53,62,,0.4608695652173913,782009.4528301887
1994,FLO,21633000,51,64,,0.4434782608695652,424176.4705882353
1994,HOU,33126000,66,49,,0.5739130434782609,501909.0909090909
1994,KCA,40541334,64,51,,0.5565217391304348,633458.34375
1994,LAN,38000001,58,56,,0.5087719298245614,655172.4310344828
1994,MIN,28438500,53,60,,0.4690265486725664,536575.4716981133
1994,ML4,24350500,53,62,,0.4608695652173913,459443.3962264151
1994,MON,19098000,74,40,,0.6491228070175439,258081.0810810811
1994,NYA,45731334,70,43,,0.6194690265486725,653304.7714285714
1994,NYN,30956583,55,58,,0.48672566371681414,562846.9636363636
1994,OAK,34172500,51,63,,0.4473684210526316,670049.0196078431
1994,PHI,31599000,54,61,,0.46956521739130436,585166.6666666666
1994,PIT,24217250,53,61,,0.4649122807017544,456929.24528301886
1994,SDN,14916333,47,70,,0.4017094017094017,317368.78723404254
1994,SEA,29228500,49,63,,0.4375,596500.0
1994,SFN,42638666,55,60,,0.4782608695652174,775248.4727272728
1994,SLN,29275601,53,61,,0.4649122807017544,552369.8301886793
1994,TEX,32973597,52,62,,0.45614035087719296,634107.6346153846
1994,TOR,43433668,55,60,,0.4782608695652174,789703.0545454546
1995,ATL,47235445,90,54,Y,0.625,524838.2777777778
1995,BAL,43942521,71,73,N,0.4930555555555556,618908.7464788732
1995,BOS,32455518,86,58,N,0.5972222222222222,377389.74418604653
1995,CAL,31223171,78,67,N,0.5379310344827586,400297.0641025641
1995,CHA,46961282,68,76,N,0.4722222222222222,690607.0882352941
1995,CHN,29505834,73,71,N,0.5069444444444444,404189.5068493151
1995,CIN,43144670,85,59,N,0.5902777777777778,507584.35294117645
1995,CLE,37937835,100,44,N,0.6944444444444444,379378.35
1995,COL,34154717,77,67,N,0.5347222222222222,443567.75324675324
1995,DET,37044168,60,84,N,0.4166666666666667,617402.8
1995,FLO,24515781,67,76,N,0.46853146853146854,365907.17910447763
1995,HOU,34169834,76,68,N,0.5277777777777778,449603.0789473684
1995,KCA,29532834,70,74,N,0.4861111111111111,421897.6285714286
1995,LAN,39273201,78,66,N,0.5416666666666666,503502.57692307694
1995,MIN,25410500,56,88,N,0.3888888888888889,453758.9285714286
1995,ML4,17798825,65,79,N,0.4513888888888889,273828.07692307694
1995,MON,12364000,66,78,N,0.4583333333333333,187333.33333333334
1995,NYA,48874851,79,65,N,0.5486111111111112,618669.0
1995,NYN,27674992,69,75,N,0.4791666666666667,401086.84057971014
1995,OAK,37739225,67,77,N,0.4652777777777778,563272.0149253731
1995,PHI,30555945,69,75,N,0.4791666666666667,442839.7826086957
1995,PIT,18355345,58,86,N,0.4027777777777778,316471.4655172414
1995,SDN,26382334,70,74,N,0.4861111111111111,376890.4857142857
1995,SEA,36481311,79,66,N,0.5448275862068965,461788.746835443
1995,SFN,36462777,67,77,N,0.4652777777777778,544220.5522388059
1995,SLN,37101000,62,81,N,0.43356643356643354,598403.2258064516
1995,TEX,34581451,74,70,N,0.5138888888888888,467316.9054054054
1995,TOR,50590000,56,88,N,0.3888888888888889,903392.8571428572
1996,ATL,49698500,96,66,N,0.5925925925925926,517692.7083333333
1996,BAL,54490315,88,74,N,0.5432098765432098,619208.125
1996,BOS,42393500,85,77,N,0.5246913580246914,498747.0588235294
1996,CAL,28738000,70,91,N,0.43478260869565216,410542.85714285716
1996,CHA,45139500,85,77,N,0.5246913580246914,531052.9411764706
1996,CHN,33081000,76,86,N,0.4691358024691358,435276.3157894737
1996,CIN,42526334,81,81,N,0.5,525016.4691358025
1996,CLE,48107360,99,62,N,0.6149068322981367,485932.9292929293
1996,COL,40179823,83,79,N,0.5123456790123457,484094.2530120482
1996,DET,23438000,53,109,N,0.3271604938271605,442226.41509433964
1996,FLO,31022500,80,82,N,0.49382716049382713,387781.25
1996,HOU,28487000,82,80,N,0.5061728395061729,347402.43902439025
1996,KCA,20281250,75,86,N,0.4658385093167702,270416.6666666667
1996,LAN,35355000,90,72,N,0.5555555555555556,392833.3333333333
1996,MIN,23117000,78,84,N,0.48148148148148145,296371.7948717949
1996,ML4,21730000,80,82,N,0.49382716049382713,271625.0
1996,MON,16264500,88,74,N,0.5432098765432098,184823.86363636365
1996,NYA,54191792,92,70,Y,0.5679012345679012,589041.2173913043
1996,NYN,24479500,71,91,N,0.4382716049382716,344781.6901408451
1996,OAK,21243000,78,84,N,0.48148148148148145,272346.1538461539
1996,PHI,34314500,67,95,N,0.41358024691358025,512156.7164179105
1996,PIT,23017500,73,89,N,0.4506172839506173,315308.2191780822
1996,SDN,28348172,91,71,N,0.5617283950617284,311518.37362637365
1996,SEA,41328501,85,76,N,0.5279503105590062,486217.65882352943
1996,SFN,37144725,68,94,N,0.41975308641975306,546245.9558823529
1996,SLN,40269667,88,74,N,0.5432098765432098,457609.8522727273
1996,TEX,39041528,90,72,N,0.5555555555555556,433794.7555555556
1996,TOR,29555083,74,88,N,0.4567901234567901,399393.0135135135
1997,ANA,31135472,84,78,N,0.5185185185185185,370660.38095238095
1997,ATL,52278500,101,61,N,0.6234567901234568,517608.9108910891
1997,BAL,58516400,98,64,N,0.6049382716049383,597106.1224489796
1997,BOS,43558750,78,84,N,0.48148148148148145,558445.5128205129
1997,CHA,57740000,80,81,N,0.4968944099378882,721750.0
1997,CHN,42155333,68,94,N,0.41975308641975306,619931.3676470588
1997,CIN,49768000,76,86,N,0.4691358024691358,654842.1052631579
1997,CLE,56802460,86,75,N,0.5341614906832298,660493.7209302326
1997,COL,43559667,83,79,N,0.5123456790123457,524815.265060241
1997,DET,17272000,79,83,N,0.4876543209876543,218632.91139240508
1997,FLO,48692500,92,70,Y,0.5679012345679012,529266.304347826
1997,HOU,34777500,84,78,N,0.5185185185185185,414017.85714285716
1997,KCA,34655000,67,94,N,0.4161490683229814,517238.80597014923
1997,LAN,45380304,88,74,N,0.5432098765432098,515685.2727272727
1997,MIN,34072500,68,94,N,0.41975308641975306,501066.17647058825
1997,ML4,23655338,78,83,N,0.484472049689441,303273.5641025641
1997,MON,19295500,78,84,N,0.48148148148148145,247378.20512820513
1997,NYA,62241545,96,66,N,0.5925925925925926,648349.4270833334
1997,NYN,39800400,88,74,N,0.5432098765432098,452277.2727272727
1997,OAK,24018500,65,97,N,0.4012345679012346,369515.3846153846
1997,PHI,36656500,68,94,N,0.41975308641975306,539066.1764705882
1997,PIT,10771667,79,83,N,0.4876543209876543,136350.21518987342
1997,SDN,37363672,76,86,N,0.4691358024691358,491627.2631578947
1997,SEA,41540661,90,72,N,0.5555555555555556,461562.9
1997,SFN,35592378,90,72,N,0.5555555555555556,395470.86666666664
1997,SLN,45456667,73,89,N,0.4506172839506173,622694.0684931506
1997,TEX,53448838,77,85,N,0.47530864197530864,694140.7532467532
1997,TOR,47079833,76,86,N,0.4691358024691358,619471.4868421053
1998,ANA,41281000,85,77,N,0.5246913580246914,485658.82352941175
1998,ARI,32347000,65,97,N,0.4012345679012346,497646.1538461539
1998,ATL,61186000,106,56,N,0.654320987654321,577226.4150943396
1998,BAL,72355634,79,83,N,0.4876543209876543,915894.1012658228
1998,BOS,56757000,92,70,N,0.5679012345679012,616923.9130434783
1998,CHA,38335000,80,82,N,0.49382716049382713,479187.5
1998,CHN,50838000,90,73,N,0.5521472392638037,564866.6666666666
1998,CIN,23005000,77,85,N,0.47530864197530864,298766.2337662338
1998,CLE,60800166,89,73,N,0.5493827160493827,683147.9325842697
1998,COL,50484648,77,85,N,0.47530864197530864,655644.7792207792
1998,DET,24065000,65,97,N,0.4012345679012346,370230.76923076925
1998,FLO,41322667,54,108,N,0.3333333333333333,765234.574074074
1998,HOU,42374000,102,60,N,0.6296296296296297,415431.3725490196
1998,KCA,36862500,72,89,N,0.4472049689440994,511979.1666666667
1998,LAN,48820000,83,79,N,0.5123456790123457,588192.7710843374
1998,MIL,33914904,74,88,N,0.4567901234567901,458309.5135135135
1998,MIN,27927500,70,92,N,0.43209876543209874,398964.28571428574
1998,MON,10641500,65,97,N,0.4012345679012346,163715.38461538462
1998,NYA,66806867,114,48,Y,0.7037037037037037,586025.149122807
1998,NYN,52077999,88,74,N,0.5432098765432098,591795.4431818182
1998,OAK,21303000,74,88,N,0.4567901234567901,287878.3783783784
1998,PHI,36297500,75,87,N,0.46296296296296297,483966.6666666667
1998,PIT,15065000,69,93,N,0.42592592592592593,218333.33333333334
1998,SDN,46861500,98,64,N,0.6049382716049383,478178.5714285714
1998,SEA,54087036,76,85,N,0.4720496894409938,711671.5263157894
1998,SFN,42565834,89,74,N,0.5460122699386503,478267.797752809
1998,SLN,54672521,83,79,N,0.5123456790123457,658705.0722891566
1998,TBA,27280000,63,99,N,0.3888888888888889,433015.873015873
1998,TEX,56572095,88,74,N,0.5432098765432098,642864.7159090909
1998,TOR,51376000,88,74,N,0.5432098765432098,583818.1818181818
1999,ANA,55388166,70,92,N,0.43209876543209874,791259.5142857142
1999,ARI,68703999,100,62,N,0.6172839506172839,687039.99
1999,ATL,73140000,103,59,N,0.6358024691358025,710097.0873786408
1999,BAL,80605863,78,84,N,0.48148148148148145,1033408.5
1999,BOS,63497500,94,68,N,0.5802469135802469,675505.3191489362
1999,CHA,25620000,75,86,N,0.4658385093167702,341600.0
1999,CHN,62343000,67,95,N,0.41358024691358025,930492.5373134328
1999,CIN,33962761,96,67,N,0.588957055214724,353778.7604166667
1999,CLE,72978462,97,65,N,0.5987654320987654,752355.2783505154
1999,COL,61935837,72,90,N,0.4444444444444444,860219.9583333334
1999,DET,36489666,69,92,N,0.42857142857142855,528835.7391304348
1999,FLO,21085000,64,98,N,0.3950617283950617,329453.125
1999,HOU,54914000,97,65,N,0.5987654320987654,566123.7113402062
1999,KCA,26225000,64,97,N,0.39751552795031053,409765.625
1999,LAN,80862453,77,85,N,0.47530864197530864,1050161.7272727273
1999,MIL,43377395,74,87,N,0.45962732919254656,586181.0135135135
1999,MIN,21257500,63,97,N,0.39375,337420.6349206349
1999,MON,17903000,68,94,N,0.41975308641975306,263279.4117647059
1999,NYA,86734359,98,64,Y,0.6049382716049383,885044.4795918367
1999,NYN,65092092,97,66,N,0.5950920245398773,671052.4948453609
1999,OAK,24431833,87,75,N,0.5370370370370371,280825.6666666667
1999,PHI,31692500,77,85,N,0.47530864197530864,411590.9090909091
1999,PIT,24917666,78,83,N,0.484472049689441,319457.25641025644
1999,SDN,49768179,74,88,N,0.4567901234567901,672542.9594594594
1999,SEA,54125003,79,83,N,0.4876543209876543,685126.6202531646
1999,SFN,46595057,86,76,N,0.5308641975308642,541802.9883720931
1999,SLN,49778195,75,86,N,0.4658385093167702,663709.2666666667
1999,TBA,38870000,69,93,N,0.42592592592592593,563333.3333333334
1999,TEX,76709931,95,67,N,0.5864197530864198,807472.9578947368
1999,TOR,45444333,84,78,N,0.5185185185185185,541003.9642857143
2000,ANA,51464167,82,80,N,0.5061728395061729,627611.7926829269
2000,ARI,81027833,85,77,N,0.5246913580246914,953268.6235294117
2000,ATL,84537836,95,67,N,0.5864197530864198,889871.9578947368
2000,BAL,81447435,74,88,N,0.4567901234567901,1100641.0135135136
2000,BOS,77940333,85,77,N,0.5246913580246914,916945.094117647
2000,CHA,31133500,95,67,N,0.5864197530864198,327721.05263157893
2000,CHN,60539333,65,97,N,0.4012345679012346,931374.3538461538
2000,CIN,46867200,85,77,N,0.5246913580246914,551378.8235294118
2000,CLE,75880771,90,72,N,0.5555555555555556,843119.6777777778
2000,COL,61111190,82,80,N,0.5061728395061729,745258.4146341464
2000,DET,58265167,79,83,N,0.4876543209876543,737533.7594936709
2000,FLO,19872000,79,82,N,0.4906832298136646,251544.30379746837
2000,HOU,51289111,72,90,N,0.4444444444444444,712348.7638888889
2000,KCA,23433000,77,85,N,0.47530864197530864,304324.67532467534
2000,LAN,87924286,86,76,N,0.5308641975308642,1022375.4186046511
2000,MIL,36505333,73,89,N,0.4506172839506173,500073.05479452055
2000,MIN,16519500,69,93,N,0.42592592592592593,239413.04347826086
2000,MON,32994333,67,95,N,0.41358024691358025,492452.7313432836
2000,NYA,92338260,87,74,Y,0.5403726708074534,1061359.3103448276
2000,NYN,79509776,94,68,N,0.5802469135802469,845848.6808510638
2000,OAK,31971333,91,70,N,0.5652173913043478,351333.3296703297
2000,PHI,47308000,65,97,N,0.4012345679012346,727815.3846153846
2000,PIT,28928334,69,93,N,0.42592592592592593,419251.2173913043
2000,SDN,54821000,76,86,N,0.4691358024691358,721328.947368421
2000,SEA,58915000,91,71,N,0.5617283950617284,647417.5824175824
2000,SFN,53737826,97,65,N,0.5987654320987654,553998.206185567
2000,SLN,61453863,95,67,N,0.5864197530864198,646882.7684210526
2000,TBA,62765129,69,92,N,0.42857142857142855,909639.5507246377
2000,TEX,70795921,71,91,N,0.4382716049382716,997125.647887324
2000,TOR,44838332,83,79,N,0.5123456790123457,540220.8674698796
2001,ANA,47535167,75,87,N,0.46296296296296297,633802.2266666667
2001,ARI,85082999,92,70,Y,0.5679012345679012,924815.2065217391
2001,ATL,91936166,88,74,N,0.5432098765432098,1044729.1590909091
2001,BAL,67599540,63,98,N,0.391304347826087,1073008.5714285714
2001,BOS,110035833,82,79,N,0.5093167701863354,1341900.4024390243
2001,CHA,65653667,83,79,N,0.5123456790123457,791008.0361445784
2001,CHN,64715833,88,74,N,0.5432098765432098,735407.1931818182
2001,CIN,48986000,66,96,N,0.4074074074074074,742212.1212121212
2001,CLE,93152001,91,71,N,0.5617283950617284,1023648.3626373627
2001,COL,71541334,73,89,N,0.4506172839506173,980018.2739726028
2001,DET,53416167,66,96,N,0.4074074074074074,809335.8636363636
2001,FLO,35762500,76,86,N,0.4691358024691358,470559.2105263158
2001,HOU,60612667,93,69,N,0.5740740740740741,651749.1075268817
2001,KCA,35422500,65,97,N,0.4012345679012346,544961.5384615385
2001,LAN,109105953,86,76,N,0.5308641975308642,1268673.8720930233
2001,MIL,43886833,68,94,N,0.41975308641975306,645394.6029411765
2001,MIN,24130000,85,77,N,0.5246913580246914,283882.35294117645
2001,MON,35159500,68,94,N,0.41975308641975306,517051.4705882353
2001,NYA,112287143,95,65,N,0.59375,1181969.9263157896
2001,NYN,93174428,82,80,N,0.5061728395061729,1136273.512195122
2001,OAK,33810750,102,60,N,0.6296296296296297,331477.9411764706
2001,PHI,41663833,86,76,N,0.5308641975308642,484463.17441860464
2001,PIT,57760833,62,100,N,0.38271604938271603,931626.3387096775
2001,SDN,39182833,79,83,N,0.4876543209876543,495985.2278481013
2001,SEA,74720834,116,46,N,0.7160493827160493,644145.1206896552
2001,SFN,63280167,90,72,N,0.5555555555555556,703112.9666666667
2001,SLN,78538333,93,69,N,0.5740740740740741,844498.2043010753
2001,TBA,56980000,62,100,N,0.38271604938271603,919032.2580645161
2001,TEX,88633500,73,89,N,0.4506172839506173,1214157.5342465753
2001,TOR,76895999,80,82,N,0.49382716049382713,961199.9875
2002,ANA,61721667,99,63,Y,0.6111111111111112,623451.1818181818
2002,ARI,102819999,98,64,N,0.6049382716049383,1049183.663265306
2002,ATL,92870367,101,59,N,0.63125,919508.5841584158
2002,BAL,60493487,67,95,N,0.41358024691358025,902887.8656716418
2002,BOS,108366060,93,69,N,0.5740740740740741,1165226.4516129033
2002,CHA,57052833,81,81,N,0.5,704355.9629629629
2002,CHN,75690833,67,95,N,0.41358024691358025,1129713.9253731344
2002,CIN,45050390,78,84,N,0.48148148148148145,577569.1025641026
2002,CLE,78909449,74,88,N,0.4567901234567901,1066343.9054054054
2002,COL,56851043,73,89,N,0.4506172839506173,778781.4109589041
2002,DET,55048000,55,106,N,0.3416149068322981,1000872.7272727273
2002,FLO,41979917,79,83,N,0.4876543209876543,531391.3544303797
2002,HOU,63448417,84,78,N,0.5185185185185185,755338.2976190476
2002,KCA,47257000,62,100,N,0.38271604938271603,762209.6774193548
2002,LAN,94850953,92,70,N,0.5679012345679012,1030988.6195652174
2002,MIL,50287833,56,106,N,0.345679012345679,897997.0178571428
2002,MIN,40425000,94,67,N,0.5838509316770186,430053.1914893617
2002,MON,38670500,83,79,N,0.5123456790123457,465909.6385542169
2002,NYA,125928583,103,58,N,0.639751552795031,1222607.6019417476
2002,NYN,94633593,75,86,N,0.4658385093167702,1261781.24
2002,OAK,40004167,103,59,N,0.6358024691358025,388389.9708737864
2002,PHI,57954999,80,81,N,0.4968944099378882,724437.4875
2002,PIT,42323599,72,89,N,0.4472049689440994,587827.7638888889
2002,SDN,41425000,66,96,N,0.4074074074074074,627651.5151515151
2002,SEA,80282668,93,69,N,0.5740740740740741,863254.4946236559
2002,SFN,78299835,95,66,N,0.5900621118012422,824208.7894736842
2002,SLN,74660875,97,65,N,0.5987654320987654,769699.7422680412
2002,TBA,34380000,55,106,N,0.3416149068322981,625090.9090909091
2002,TEX,105526122,72,90,N,0.4444444444444444,1465640.5833333333
2002,TOR,76864333,78,84,N,0.48148148148148145,985440.1666666666
2003,ANA,79031667,77,85,N,0.47530864197530864,1026385.2857142857
2003,ARI,80657000,84,78,N,0.5185185185185185,960202.380952381
2003,ATL,106243667,101,61,N,0.6234567901234568,1051917.495049505
2003,BAL,73877500,71,91,N,0.4382716049382716,1040528.1690140845
2003,BOS,99946500,95,67,N,0.5864197530864198,1052068.4210526317
2003,CHA,51010000,86,76,N,0.5308641975308642,593139.5348837209
2003,CHN,79868333,88,74,N,0.5432098765432098,907594.6931818182
2003,CIN,59355667,69,93,N,0.42592592592592593,860227.0579710145
2003,CLE,48584834,68,94,N,0.41975308641975306,714482.8529411765
2003,COL,67179667,74,88,N,0.4567901234567901,907833.3378378379
2003,DET,49168000,43,119,N,0.2654320987654321,1143441.8604651163
2003,FLO,49450000,91,71,Y,0.5617283950617284,543406.5934065934
2003,HOU,71040000,87,75,N,0.5370370370370371,816551.724137931
2003,KCA,40518000,83,79,N,0.5123456790123457,488168.6746987952
2003,LAN,105572620,85,77,N,0.5246913580246914,1242030.8235294118
2003,MIL,40627000,68,94,N,0.41975308641975306,597455.8823529412
2003,MIN,55505000,90,72,N,0.5555555555555556,616722.2222222222
2003,MON,51948500,83,79,N,0.5123456790123457,625885.5421686746
2003,NYA,152749814,101,61,N,0.6234567901234568,1512374.396039604
2003,NYN,116876429,66,95,N,0.40993788819875776,1770854.9848484849
2003,OAK,50260834,96,66,N,0.5925925925925926,523550.3541666667
2003,PHI,70780000,86,76,N,0.5308641975308642,823023.2558139535
2003,PIT,54812429,75,87,N,0.46296296296296297,730832.3866666667
2003,SDN,45210000,64,98,N,0.3950617283950617,706406.25
2003,SEA,86959167,93,69,N,0.5740740740740741,935044.8064516129
2003,SFN,82852167,100,61,N,0.6211180124223602,828521.67
2003,SLN,83786666,85,77,N,0.5246913580246914,985725.4823529412
2003,TBA,19630000,63,99,N,0.3888888888888889,311587.3015873016
2003,TEX,103491667,71,91,N,0.4382716049382716,1457629.1126760563
2003,TOR,51269000,86,76,N,0.5308641975308642,596151.1627906977
2004,ANA,100534667,92,70,N,0.5679012345679012,1092768.1195652173
2004,ARI,69780750,51,111,N,0.3148148148148148,1368250.0
2004,ATL,90182500,96,66,N,0.5925925925925926,939401.0416666666
2004,BAL,51623333,78,84,N,0.48148148148148145,661837.6025641026
2004,BOS,127298500,98,64,Y,0.6049382716049383,1298964.2857142857
2004,CHA,65212500,83,79,N,0.5123456790123457,785692.7710843374
2004,CHN,90560000,89,73,N,0.5493827160493827,1017528.0898876404
2004,CIN,46615250,76,86,N,0.4691358024691358,613358.552631579
2004,CLE,34319300,80,82,N,0.49382716049382713,428991.25
2004,COL,65445167,68,94,N,0.41975308641975306,962428.9264705882
2004,DET,46832000,72,90,N,0.4444444444444444,650444.4444444445
2004,FLO,42143042,83,79,N,0.5123456790123457,507747.4939759036
2004,HOU,75397000,92,70,N,0.5679012345679012,819532.6086956522
2004,KCA,47609000,58,104,N,0.35802469135802467,820844.8275862068
2004,LAN,92902001,93,69,N,0.5740740740740741,998946.247311828
2004,MIL,27528500,67,94,N,0.4161490683229814,410873.1343283582
2004,MIN,53585000,92,70,N,0.5679012345679012,582445.6521739131
2004,MON,40897500,67,95,N,0.41358024691358025,610410.4477611941
2004,NYA,184193950,101,61,N,0.6234567901234568,1823702.4752475247
2004,NYN,96660970,71,91,N,0.4382716049382716,1361422.1126760563
2004,OAK,59425667,91,71,N,0.5617283950617284,653029.3076923077
2004,PHI,92919167,86,76,N,0.5308641975308642,1080455.4302325582
2004,PIT,32227929,72,89,N,0.4472049689440994,447610.125
2004,SDN,55384833,87,75,N,0.5370370370370371,636607.275862069
2004,SEA,81515834,63,99,N,0.3888888888888889,1293902.126984127
2004,SFN,82019166,91,71,N,0.5617283950617284,901309.5164835164
2004,SLN,83228333,105,57,N,0.6481481481481481,792650.7904761905
2004,TBA,29556667,70,91,N,0.43478260869565216,422238.1
2004,TEX,55050417,89,73,N,0.5493827160493827,618544.011235955
2004,TOR,50017000,67,94,N,0.4161490683229814,746522.3880597015
2005,ARI,62329166,77,85,N,0.47530864197530864,809469.6883116884
2005,ATL,86457302,90,72,N,0.5555555555555556,960636.6888888889
2005,BAL,73914333,74,88,N,0.4567901234567901,998842.3378378379
2005,BOS,123505125,95,67,N,0.5864197530864198,1300053.9473684211
2005,CHA,75178000,99,63,Y,0.6111111111111112,759373.7373737374
2005,CHN,87032933,79,83,N,0.4876543209876543,1101682.6962025317
2005,CIN,61892583,73,89,N,0.4506172839506173,847843.6027397261
2005,CLE,41502500,93,69,N,0.5740740740740741,446263.44086021505
2005,COL,47839000,67,95,N,0.41358024691358025,714014.9253731343
2005,DET,69092000,71,91,N,0.4382716049382716,973126.7605633803
2005,FLO,60408834,83,79,N,0.5123456790123457,727817.2771084338
2005,HOU,76779000,89,73,N,0.5493827160493827,862685.3932584269
2005,KCA,36881000,56,106,N,0.345679012345679,658589.2857142857
2005,LAA,94867822,95,67,N,0.5864197530864198,998608.652631579
2005,LAN,83039000,71,91,N,0.4382716049382716,1169563.38028169
2005,MIL,39934833,81,81,N,0.5,493022.6296296296
2005,MIN,56186000,83,79,N,0.5123456790123457,676939.7590361446
2005,NYA,208306817,95,67,N,0.5864197530864198,2192703.3368421053
2005,NYN,101305821,83,79,N,0.5123456790123457,1220552.060240964
2005,OAK,55425762,88,74,N,0.5432098765432098,629838.2045454546
2005,PHI,95522000,88,74,N,0.5432098765432098,1085477.2727272727
2005,PIT,38133000,67,95,N,0.41358024691358025,569149.2537313433
2005,SDN,63290833,82,80,N,0.5061728395061729,771839.4268292683
2005,SEA,87754334,69,93,N,0.42592592592592593,1271801.9420289856
2005,SFN,90199500,75,87,N,0.46296296296296297,1202660.0
2005,SLN,92106833,100,62,N,0.6172839506172839,921068.33
2005,TBA,29679067,67,95,N,0.41358024691358025,442971.14925373136
2005,TEX,55849000,79,83,N,0.4876543209876543,706949.3670886076
2005,TOR,45719500,80,82,N,0.49382716049382713,571493.75
2005,WAS,48581500,81,81,N,0.5,599771.6049382716
2006,ARI,59684226,76,86,N,0.4691358024691358,785318.7631578947
2006,ATL,90156876,79,83,N,0.4876543209876543,1141226.2784810127
2006,BAL,72585582,70,92,N,0.43209876543209874,1036936.8857142857
2006,BOS,120099824,86,76,N,0.5308641975308642,1396509.5813953488
2006,CHA,102750667,90,72,N,0.5555555555555556,1141674.0777777778
2006,CHN,94424499,66,96,N,0.4074074074074074,1430674.2272727273
2006,CIN,60909519,80,82,N,0.49382716049382713,761368.9875
2006,CLE,56031500,78,84,N,0.48148148148148145,718352.5641025641
2006,COL,41233000,76,86,N,0.4691358024691358,542539.4736842106
2006,DET,82612866,95,67,N,0.5864197530864198,869609.1157894736
2006,FLO,14671500,78,84,N,0.48148148148148145,188096.15384615384
2006,HOU,88694435,82,80,N,0.5061728395061729,1081639.4512195121
2006,KCA,47294000,62,100,N,0.38271604938271603,762806.4516129033
2006,LAA,103472000,89,73,N,0.5493827160493827,1162606.7415730336
2006,LAN,98447187,88,74,N,0.5432098765432098,1118718.0340909092
2006,MIL,57568333,75,87,N,0.46296296296296297,767577.7733333333
2006,MIN,63396006,96,66,N,0.5925925925925926,660375.0625
2006,NYA,194663079,97,65,N,0.5987654320987654,2006835.8659793814
2006,NYN,101084963,97,65,N,0.5987654320987654,1042113.0206185566
2006,OAK,62243079,93,69,N,0.5740740740740741,669280.4193548387
2006,PHI,88273333,85,77,N,0.5246913580246914,1038509.8
2006,PIT,46717750,67,95,N,0.41358024691358025,697279.8507462686
2006,SDN,69896141,88,74,N,0.5432098765432098,794274.3295454546
2006,SEA,87959833,78,84,N,0.48148148148148145,1127690.1666666667
2006,SFN,90056419,76,85,N,0.4720496894409938,1184952.8815789474
2006,SLN,88891371,83,78,Y,0.515527950310559,1070980.373493976
2006,TBA,34917967,61,101,N,0.3765432098765432,572425.6885245901
2006,TEX,68228662,80,82,N,0.49382716049382713,852858.275
2006,TOR,71365000,87,75,N,0.5370370370370371,820287.356321839
2006,WAS,63143000,71,91,N,0.4382716049382716,889338.0281690141
2007,ARI,52067546,90,72,N,0.5555555555555556,578528.2888888889
2007,ATL,87290833,84,78,N,0.5185185185185185,1039176.5833333334
2007,BAL,93174808,69,93,N,0.42592592592592593,1350359.536231884
2007,BOS,143026214,96,66,Y,0.5925925925925926,1489856.3958333333
2007,CHA,108671833,72,90,N,0.4444444444444444,1509331.013888889
2007,CHN,99670332,85,77,N,0.5246913580246914,1172592.1411764706
2007,CIN,68524980,72,90,N,0.4444444444444444,951735.8333333334
2007,CLE,61673267,96,66,N,0.5925925925925926,642429.8645833334
2007,COL,54041000,90,73,N,0.5521472392638037,600455.5555555555
2007,DET,94800369,88,74,N,0.5432098765432098,1077276.9204545454
2007,FLO,30507000,71,91,N,0.4382716049382716,429676.05633802817
2007,HOU,87759000,73,89,N,0.4506172839506173,1202178.082191781
2007,KCA,67116500,69,93,N,0.42592592592592593,972702.8985507246
2007,LAA,109251333,94,68,N,0.5802469135802469,1162248.2234042552
2007,LAN,108454524,82,80,N,0.5061728395061729,1322616.1463414633
2007,MIL,70986500,83,79,N,0.5123456790123457,855259.0361445784
2007,MIN,71439500,79,83,N,0.4876543209876543,904297.4683544304
2007,NYA,189259045,94,68,N,0.5802469135802469,2013394.0957446808
2007,NYN,115231663,88,74,N,0.5432098765432098,1309450.7159090908
2007,OAK,79366940,76,86,N,0.4691358024691358,1044301.8421052631
2007,PHI,89428213,89,73,N,0.5493827160493827,1004811.3820224719
2007,PIT,38537833,68,94,N,0.41975308641975306,566732.8382352941
2007,SDN,58110567,89,74,N,0.5460122699386503,652927.7191011236
2007,SEA,106460833,88,74,N,0.5432098765432098,1209782.1931818181
2007,SFN,90219056,71,91,N,0.4382716049382716,1270690.9295774647
2007,SLN,90286823,78,84,N,0.48148148148148145,1157523.3717948718
2007,TBA,24123500,66,96,N,0.4074074074074074,365507.57575757575
2007,TEX,68318675,75,87,N,0.46296296296296297,910915.6666666666
2007,TOR,81942800,83,79,N,0.5123456790123457,987262.6506024096
2007,WAS,36947500,73,89,N,0.4506172839506173,506130.1369863014
2008,ARI,66202712,82,80,N,0.5061728395061729,807350.1463414634
2008,ATL,102365683,72,90,N,0.4444444444444444,1421745.5972222222
2008,BAL,67196246,68,93,N,0.422360248447205,988180.0882352941
2008,BOS,133390035,95,67,N,0.5864197530864198,1404105.6315789474
2008,CHA,121189332,89,74,N,0.5460122699386503,1361677.8876404495
2008,CHN,118345833,97,64,N,0.6024844720496895,1220060.1340206186
2008,CIN,74117695,74,88,N,0.4567901234567901,1001590.472972973
2008,CLE,78970066,81,81,N,0.5,974939.086419753
2008,COL,68655500,74,88,N,0.4567901234567901,927777.027027027
2008,DET,137685196,74,88,N,0.4567901234567901,1860610.7567567567
2008,FLO,21811500,84,77,N,0.5217391304347826,259660.7142857143
2008,HOU,88930414,86,75,N,0.5341614906832298,1034074.5813953489
2008,KCA,58245500,75,87,N,0.46296296296296297,776606.6666666666
2008,LAA,119216333,100,62,N,0.6172839506172839,1192163.33
2008,LAN,118588536,84,78,N,0.5185185185185185,1411768.2857142857
2008,MIL,80937499,90,72,N,0.5555555555555556,899305.5444444445
2008,MIN,56932766,88,75,N,0.5398773006134969,646963.25
2008,NYA,207896789,89,73,N,0.5493827160493827,2335918.9775280897
2008,NYN,137793376,89,73,N,0.5493827160493827,1548240.1797752809
2008,OAK,47967126,75,86,N,0.4658385093167702,639561.68
2008,PHI,97879880,92,70,Y,0.5679012345679012,1063911.7391304348
2008,PIT,48689783,67,95,N,0.41358024691358025,726713.1791044776
2008,SDN,73677616,63,99,N,0.3888888888888889,1169485.9682539683
2008,SEA,117666482,61,101,N,0.3765432098765432,1928958.7213114754
2008,SFN,76594500,72,90,N,0.4444444444444444,1063812.5
2008,SLN,99624449,86,76,N,0.5308641975308642,1158423.8255813953
2008,TBA,43820597,97,65,N,0.5987654320987654,451758.73195876286
2008,TEX,67712326,79,83,N,0.4876543209876543,857118.0506329114
2008,TOR,97793900,86,76,N,0.5308641975308642,1137138.3720930233
2008,WAS,54961000,59,102,N,0.36645962732919257,931542.3728813559
2009,ARI,73115666,70,92,N,0.43209876543209874,1044509.5142857142
2009,ATL,96726166,86,76,N,0.5308641975308642,1124722.8604651163
2009,BAL,67101666,64,98,N,0.3950617283950617,1048463.53125
2009,BOS,121345999,95,67,N,0.5864197530864198,1277326.305263158
2009,CHA,96068500,79,83,N,0.4876543209876543,1216056.9620253164
2009,CHN,134809000,83,78,N,0.515527950310559,1624204.8192771084
2009,CIN,73558500,78,84,N,0.48148148148148145,943057.6923076923
2009,CLE,81579166,65,97,N,0.4012345679012346,1255064.0923076924
2009,COL,75201000,92,70,N,0.5679012345679012,817402.1739130435
2009,DET,115085145,86,77,N,0.5276073619631901,1338199.3604651163
2009,FLO,36834000,87,75,N,0.5370370370370371,423379.3103448276
2009,HOU,102996414,74,88,N,0.4567901234567901,1391843.4324324324
2009,KCA,70519333,65,97,N,0.4012345679012346,1084912.8153846154
2009,LAA,113709000,97,65,N,0.5987654320987654,1172257.731958763
2009,LAN,100414592,95,67,N,0.5864197530864198,1056995.7052631578
2009,MIL,80182502,80,82,N,0.49382716049382713,1002281.275
2009,MIN,65299266,87,76,N,0.5337423312883436,750566.275862069
2009,NYA,201449189,103,59,Y,0.6358024691358025,1955817.3689320388
2009,NYN,149373987,70,92,N,0.43209876543209874,2133914.1
2009,OAK,61910000,75,87,N,0.46296296296296297,825466.6666666666
2009,PHI,113004046,93,69,N,0.5740740740740741,1215097.2688172043
2009,PIT,48693000,62,99,N,0.38509316770186336,785370.9677419355
2009,SDN,43333700,75,87,N,0.46296296296296297,577782.6666666666
2009,SEA,98904166,85,77,N,0.5246913580246914,1163578.4235294117
2009,SFN,83026450,88,74,N,0.5432098765432098,943482.3863636364
2009,SLN,88528409,91,71,N,0.5617283950617284,972839.6593406594
2009,TBA,63313034,84,78,N,0.5185185185185185,753726.5952380953
2009,TEX,68178798,87,75,N,0.5370370370370371,783664.3448275862
2009,TOR,80538300,75,87,N,0.46296296296296297,1073844.0
2009,WAS,59928000,59,103,N,0.36419753086419754,1015728.813559322
2010,ARI,60718166,65,97,N,0.4012345679012346,934125.6307692308
2010,ATL,84423666,91,71,N,0.5617283950617284,927732.5934065934
2010,BAL,81612500,66,96,N,0.4074074074074074,1236553.0303030303
2010,BOS,162447333,89,73,N,0.5493827160493827,1825250.9325842697
2010,CHA,105530000,88,74,N,0.5432098765432098,1199204.5454545454
2010,CHN,146609000,75,87,N,0.46296296296296297,1954786.6666666667
2010,CIN,71761542,91,71,N,0.5617283950617284,788588.3736263736
2010,CLE,61203966,69,93,N,0.42592592592592593,887014.0
2010,COL,84227000,83,79,N,0.5123456790123457,1014783.1325301204
2010,DET,122864928,81,81,N,0.5,1516850.962962963
2010,FLO,57029719,80,82,N,0.49382716049382713,712871.4875
2010,HOU,92355500,76,86,N,0.4691358024691358,1215203.9473684211
2010,KCA,71405210,67,95,N,0.41358024691358025,1065749.4029850746
2010,LAA,104963866,80,82,N,0.49382716049382713,1312048.325
2010,LAN,95358016,80,82,N,0.49382716049382713,1191975.2
2010,MIL,81108278,77,85,N,0.47530864197530864,1053354.2597402597
2010,MIN,97559166,94,68,N,0.5802469135802469,1037863.4680851063
2010,NYA,206333389,95,67,N,0.5864197530864198,2171930.4105263157
2010,NYN,134422942,79,83,N,0.4876543209876543,1701556.2278481012
2010,OAK,55254900,81,81,N,0.5,682159.2592592592
2010,PHI,141928379,97,65,N,0.5987654320987654,1463179.1649484537
2010,PIT,34943000,57,105,N,0.35185185185185186,613035.0877192982
2010,SDN,37799300,90,72,N,0.5555555555555556,419992.22222222225
2010,SEA,86510000,61,101,N,0.3765432098765432,1418196.7213114754
2010,SFN,98641333,92,70,Y,0.5679012345679012,1072188.402173913
2010,SLN,93540751,86,76,N,0.5308641975308642,1087683.1511627906
2010,TBA,71923471,96,66,N,0.5925925925925926,749202.8229166666
2010,TEX,55250544,90,72,N,0.5555555555555556,613894.9333333333
2010,TOR,62234000,85,77,N,0.5246913580246914,732164.7058823529
2010,WAS,61400000,69,93,N,0.42592592592592593,889855.0724637681
2011,ARI,53639833,94,68,N,0.5802469135802469,570636.5212765958
2011,ATL,87002692,89,73,N,0.5493827160493827,977558.3370786516
2011,BAL,85304038,69,93,N,0.42592592592592593,1236290.4057971016
2011,BOS,161762475,90,72,N,0.5555555555555556,1797360.8333333333
2011,CHA,127789000,79,83,N,0.4876543209876543,1617582.2784810127
2011,CHN,125047329,71,91,N,0.4382716049382716,1761229.985915493
2011,CIN,75947134,79,83,N,0.4876543209876543,961356.1265822785
2011,CLE,48776566,80,82,N,0.49382716049382713,609707.075
2011,COL,88148071,73,89,N,0.4506172839506173,1207507.8219178081
2011,DET,105700231,95,67,N,0.5864197530864198,1112634.0105263158
2011,FLO,56944000,72,90,N,0.4444444444444444,790888.8888888889
2011,HOU,70694000,56,106,N,0.345679012345679,1262392.857142857
2011,KCA,35712000,71,91,N,0.4382716049382716,502985.91549295775
2011,LAA,138543166,86,76,N,0.5308641975308642,1610967.046511628
2011,LAN,104188999,82,79,N,0.5093167701863354,1270597.5487804879
2011,MIL,85497333,96,66,N,0.5925925925925926,890597.21875
2011,MIN,112737000,63,99,N,0.3888888888888889,1789476.1904761905
2011,NYA,202275028,97,65,N,0.5987654320987654,2085309.5670103093
2011,NYN,118847309,77,85,N,0.47530864197530864,1543471.5454545454
2011,OAK,66536500,74,88,N,0.4567901234567901,899141.8918918918
2011,PHI,172976379,102,60,N,0.6296296296296297,1695846.8529411764
2011,PIT,45047000,72,90,N,0.4444444444444444,625652.7777777778
2011,SDN,45869140,71,91,N,0.4382716049382716,646044.2253521127
2011,SEA,86110600,67,95,N,0.41358024691358025,1285232.8358208956
2011,SFN,118198333,86,76,N,0.5308641975308642,1374399.2209302327
2011,SLN,105433572,90,72,Y,0.5555555555555556,1171484.1333333333
2011,TBA,41053571,91,71,N,0.5617283950617284,451138.14285714284
2011,TEX,92299264,96,66,N,0.5925925925925926,961450.6666666666
2011,TOR,62567800,81,81,N,0.5,772441.975308642
2011,WAS,63856928,80,81,N,0.4968944099378882,798211.6
2012,ARI,73804833,81,81,N,0.5,911170.7777777778
2012,ATL,82829942,94,68,N,0.5802469135802469,881169.5957446808
2012,BAL,77353999,93,69,N,0.5740740740740741,831763.4301075268
2012,BOS,173186617,69,93,N,0.42592592592592593,2509950.9710144927
2012,CHA,96919500,85,77,N,0.5246913580246914,1140229.4117647058
2012,CHN,88197033,61,101,N,0.3765432098765432,1445853.0
2012,CIN,82203616,97,65,N,0.5987654320987654,847459.9587628866
2012,CLE,78430300,68,94,N,0.41975308641975306,1153386.7647058824
2012,COL,78069571,64,98,N,0.3950617283950617,1219837.046875
2012,DET,132300000,88,74,N,0.5432098765432098,1503409.0909090908
2012,HOU,60651000,55,107,N,0.3395061728395062,1102745.4545454546
2012,KCA,60916225,72,90,N,0.4444444444444444,846058.6805555555
2012,LAA,154485166,89,73,N,0.5493827160493827,1735788.3820224719
2012,LAN,95143575,86,76,N,0.5308641975308642,1106320.6395348837
2012,MIA,118078000,69,93,N,0.42592592592592593,1711275.3623188406
2012,MIL,97653944,83,79,N,0.5123456790123457,1176553.5421686748
2012,MIN,94085000,66,96,N,0.4074074074074074,1425530.303030303
2012,NYA,196522289,95,67,N,0.5864197530864198,2068655.6736842105
2012,NYN,93353983,74,88,N,0.4567901234567901,1261540.310810811
2012,OAK,55372500,94,68,N,0.5802469135802469,589069.1489361703
2012,PHI,174538938,81,81,N,0.5,2154801.703703704
2012,PIT,62951999,79,83,N,0.4876543209876543,796860.7468354431
2012,SDN,55244700,76,86,N,0.4691358024691358,726903.947368421
2012,SEA,81978100,75,87,N,0.46296296296296297,1093041.3333333333
2012,SFN,117620683,94,68,Y,0.5802469135802469,1251283.8617021276
2012,SLN,110300862,88,74,N,0.5432098765432098,1253418.8863636365
2012,TBA,64173500,90,72,N,0.5555555555555556,713038.8888888889
2012,TEX,120510974,93,69,N,0.5740740740740741,1295816.9247311829
2012,TOR,75009200,73,89,N,0.4506172839506173,1027523.2876712328
2012,WAS,80855143,98,64,N,0.6049382716049383,825052.4795918367
2013,ARI,90132000,81,81,N,0.5,1112740.7407407407
2013,ATL,87871525,96,66,N,0.5925925925925926,915328.3854166666
2013,BAL,84393333,85,77,N,0.5246913580246914,992862.7411764705
2013,BOS,151530000,97,65,Y,0.5987654320987654,1562164.9484536082
2013,CHA,120065277,63,99,N,0.3888888888888889,1905798.0476190476
2013,CHN,100567726,66,96,N,0.4074074074074074,1523753.4242424243
2013,CIN,106404462,90,72,N,0.5555555555555556,1182271.8
2013,CLE,75771800,92,70,N,0.5679012345679012,823606.5217391305
2013,COL,74409071,74,88,N,0.4567901234567901,1005527.9864864865
2013,DET,145989500,93,69,N,0.5740740740740741,1569779.569892473
2013,HOU,17890700,51,111,N,0.3148148148148148,350798.03921568627
2013,KCA,80091725,86,76,N,0.5308641975308642,931299.1279069767
2013,LAA,124174750,78,84,N,0.48148148148148145,1591983.9743589743
2013,LAN,223362196,92,70,N,0.5679012345679012,2427849.9565217393
2013,MIA,33601900,62,100,N,0.38271604938271603,541966.1290322581
2013,MIL,76947033,74,88,N,0.4567901234567901,1039824.7702702703
2013,MIN,75337500,66,96,N,0.4074074074074074,1141477.2727272727
2013,NYA,231978886,85,77,N,0.5246913580246914,2729163.3647058825
2013,NYN,49448346,74,88,N,0.4567901234567901,668220.8918918918
2013,OAK,60132500,96,66,N,0.5925925925925926,626380.2083333334
2013,PHI,169863189,73,89,N,0.4506172839506173,2326893.0
2013,PIT,77062000,94,68,N,0.5802469135802469,819808.5106382979
2013,SDN,65585500,76,86,N,0.4691358024691358,862967.1052631579
2013,SEA,74005043,71,91,N,0.4382716049382716,1042324.5492957747
2013,SFN,140180334,76,86,N,0.4691358024691358,1844478.0789473683
2013,SLN,92260110,97,65,N,0.5987654320987654,951135.1546391753
2013,TBA,52955272,92,71,N,0.5644171779141104,575600.7826086957
2013,TEX,112522600,91,72,N,0.558282208588957,1236512.087912088
2013,TOR,126288100,74,88,N,0.4567901234567901,1706595.945945946
2013,WAS,113703270,86,76,N,0.5308641975308642,1322131.046511628
2014,ARI,97861500,64,98,N,0.3950617283950617,1529085.9375
2014,ATL,97609000,79,83,N,0.4876543209876543,1235556.9620253164
2014,BAL,103416000,96,66,N,0.5925925925925926,1077250.0
2014,BOS,139019929,71,91,N,0.4382716049382716,1958027.1690140846
2014,CHA,81830500,73,89,N,0.4506172839506173,1120965.7534246575
2014,CHN,65522500,73,89,N,0.4506172839506173,897568.493150685
2014,CIN,108217500,76,86,N,0.4691358024691358,1423914.4736842106
2014,CLE,82151899,85,77,N,0.5246913580246914,966492.9294117647
2014,COL,95403500,66,96,N,0.4074074074074074,1445507.5757575757
2014,DET,152855500,90,72,N,0.5555555555555556,1698394.4444444445
2014,HOU,35116300,70,92,N,0.43209876543209874,501661.4285714286
2014,KCA,74594075,89,73,N,0.5493827160493827,838135.6741573034
2014,LAA,121988250,98,64,N,0.6049382716049383,1244778.0612244897
2014,LAN,217014600,94,68,N,0.5802469135802469,2308665.9574468085
2014,MIA,41836900,77,85,N,0.47530864197530864,543336.3636363636
2014,MIL,101217000,82,80,N,0.5061728395061729,1234353.6585365853
2014,MIN,83762500,70,92,N,0.43209876543209874,1196607.142857143
2014,NYA,197543907,84,78,N,0.5185185185185185,2351713.1785714286
2014,NYN,85556990,79,83,N,0.4876543209876543,1082999.8734177216
2014,OAK,72408400,88,74,N,0.5432098765432098,822822.7272727273
2014,PHI,180944967,73,89,N,0.4506172839506173,2478698.178082192
2014,PIT,77178000,88,74,N,0.5432098765432098,877022.7272727273
2014,SDN,75685700,77,85,N,0.47530864197530864,982931.1688311688
2014,SEA,92531100,87,75,N,0.5370370370370371,1063575.8620689656
2014,SFN,163510167,88,74,Y,0.5432098765432098,1858070.0795454546
2014,SLN,120693000,90,72,N,0.5555555555555556,1341033.3333333333
2014,TBA,72689100,77,85,N,0.47530864197530864,944014.2857142857
2014,TEX,112255059,67,95,N,0.41358024691358025,1675448.6417910447
2014,TOR,109920100,83,79,N,0.5123456790123457,1324338.5542168675
2014,WAS,131983680,96,66,N,0.5925925925925926,1374830.0
2015,ARI,61834000,79,83,N,0.4876543209876543,782708.8607594937
2015,ATL,71781250,67,95,N,0.41358024691358025,1071361.9402985075
2015,BAL,115044833,81,81,N,0.5,1420306.5802469135
2015,BOS,181103400,78,84,N,0.48148148148148145,2321838.4615384615
2015,CHA,112373700,76,86,N,0.4691358024691358,1478601.3157894737
2015,CHN,115879310,97,65,N,0.5987654320987654,1194632.06185567
2015,CIN,113072286,64,98,N,0.3950617283950617,1766754.46875
2015,CLE,87663766,81,80,N,0.5031055900621118,1082268.7160493827
2015,COL,95688600,68,94,N,0.41975308641975306,1407185.294117647
2015,DET,172284750,74,87,N,0.45962732919254656,2328172.2972972975
2015,HOU,72256200,86,76,N,0.5308641975308642,840188.3720930233
2015,KCA,112107025,95,67,Y,0.5864197530864198,1180073.9473684211
2015,LAA,120005415,85,77,N,0.5246913580246914,1411828.4117647058
2015,LAN,215792000,92,70,N,0.5679012345679012,2345565.217391304
2015,MIA,68056500,71,91,N,0.4382716049382716,958542.2535211268
2015,MIL,100850000,68,94,N,0.41975308641975306,1483088.2352941176
2015,MIN,107755000,83,79,N,0.5123456790123457,1298253.0120481928
2015,NYA,212751957,87,75,N,0.5370370370370371,2445424.793103448
2015,NYN,96766683,90,72,N,0.5555555555555556,1075185.3666666667
2015,OAK,79053501,68,94,N,0.41975308641975306,1162551.4852941176
2015,PHI,111693000,63,99,N,0.3888888888888889,1772904.761904762
2015,PIT,88892499,98,64,N,0.6049382716049383,907066.3163265307
2015,SDN,118441300,74,88,N,0.4567901234567901,1600558.1081081082
2015,SEA,122208700,76,86,N,0.4691358024691358,1608009.2105263157
2015,SFN,164701500,84,78,N,0.5185185185185185,1960732.142857143
2015,SLN,119241500,100,62,N,0.6172839506172839,1192415.0
2015,TBA,64521233,80,82,N,0.49382716049382713,806515.4125
2015,TEX,143742789,88,74,N,0.5432098765432098,1633440.7840909092
2015,TOR,112992400,93,69,N,0.5740740740740741,1214972.0430107526
2015,WAS,155587472,83,79,N,0.5123456790123457,1874547.8554216868
2016,ARI,87439063,69,93,N,0.42592592592592593,1267232.7971014492
2016,ATL,68498291,68,93,N,0.422360248447205,1007327.8088235294
2016,BAL,161863456,89,73,N,0.5493827160493827,1818690.5168539325
2016,BOS,188545761,93,69,N,0.5740740740740741,2027373.7741935484
2016,CHA,112998667,78,84,N,0.48148148148148145,1448700.858974359
2016,CHN,154067668,103,58,Y,0.639751552795031,1495802.6019417476
2016,CIN,88940059,68,94,N,0.41975308641975306,1307942.044117647
2016,CLE,74311900,94,67,N,0.5838509316770186,790552.1276595745
2016,COL,112645071,75,87,N,0.46296296296296297,1501934.28
2016,DET,194876481,86,75,N,0.5341614906832298,2266005.593023256
2016,HOU,94893700,84,78,N,0.5185185185185185,1129686.9047619049
2016,KCA,131487125,81,81,N,0.5,1623297.8395061728
2016,LAA,137251333,74,88,N,0.4567901234567901,1854747.7432432433
2016,LAN,221288380,91,71,N,0.5617283950617284,2431740.4395604394
2016,MIA,77314202,79,82,N,0.4906832298136646,978660.7848101265
2016,MIL,68775237,73,89,N,0.4506172839506173,942126.5342465753
2016,MIN,102583200,59,103,N,0.36419753086419754,1738698.3050847459
2016,NYA,222997792,84,78,N,0.5185185185185185,2654735.619047619
2016,NYN,133889129,87,75,N,0.5370370370370371,1538955.5057471264
2016,OAK,86806234,69,93,N,0.42592592592592593,1258061.3623188406
2016,PHI,58980000,71,91,N,0.4382716049382716,830704.2253521127
2016,PIT,103778833,78,83,N,0.484472049689441,1330497.858974359
2016,SDN,101424814,68,94,N,0.41975308641975306,1491541.3823529412
2016,SEA,135683339,86,76,N,0.5308641975308642,1577713.2441860465
2016,SFN,172253778,87,75,N,0.5370370370370371,1979928.4827586208
2016,SLN,143053500,86,76,N,0.5308641975308642,1663412.7906976745
2016,TBA,57097310,68,94,N,0.41975308641975306,839666.3235294118
2016,TEX,176038723,95,67,N,0.5864197530864198,1853039.1894736842
2016,TOR,138701700,89,73,N,0.5493827160493827,1558446.0674157303
2016,WAS,141652646,95,67,N,0.5864197530864198,1491080.4842105263
